Range (m),Velocity (m/s),Detected,Estimated Range (m),Error Range (m),Estimated Velocity (m/s),Error Velocity (m),False Positives
127.999756097561,6,1,127.168898230244,0.830857867317178,5.98281201074165,0.0171879892583453,0
127.799707317073,6,1,127.400358009715,0.399349307357852,5.9851744316337,0.0148255683663034,0
127.599658536585,6,1,127.646820199545,0.0471616629598941,5.9823944460067,0.0176055539932971,0
127.399609756098,6,1,127.977786076583,0.578176320485369,5.98439989300676,0.0156001069932357,0
127.19956097561,6,1,128.40063479573,1.20107382012066,5.96911590439376,0.0308840956062362,0
52.3346341463415,-32,1,52.7346515396165,0.400017393275014,-32.0102527435804,0.0102527435803879,0
53.4015609756098,-32,1,54.4008042862061,0.99924331059637,-32.0142420041598,0.014242004159847,0
54.4684878048781,-32,1,56.4302699583398,1.96178215346178,-31.9981215071747,0.00187849282531616,0
55.5354146341463,-32,1,55.1634313594464,0.371983274699943,-32.0016333292642,0.00163332926424431,0
56.6023414634146,-32,1,57.1936144531369,0.591272989722228,-32.0133124928015,0.0133124928015178,0
10.000487804878,-12,0,NaN,0,NaN,0,0
10.4005853658537,-12,0,NaN,0,NaN,0,0
10.8006829268293,-12,0,NaN,0,NaN,0,0
11.2007804878049,-12,0,NaN,0,NaN,0,0
11.6008780487805,-12,0,NaN,0,NaN,0,0
77.3321951219512,28,1,75.9028743383009,1.42932078365027,28.0115792088255,0.0115792088254736,0
76.3986341463415,28,1,77.2059821345294,0.807347988187956,28.0113025709058,0.0113025709058121,0
75.4650731707317,28,1,74.9512937885463,0.513779382185433,28.0123458807585,0.012345880758545,0
74.5315121951219,28,1,72.8067872307425,1.72472496437942,28.011066765757,0.0110667657569543,0
73.5979512195122,28,1,74.233628785557,0.635677566044848,28.0123391346274,0.0123391346274069,0
99.3326829268293,16,1,97.7815853935438,1.55109753328547,16.0164928665096,0.016492866509612,0
98.7992195121951,16,1,98.2892719584463,0.50994755374883,15.9817348404281,0.0182651595718681,0
98.265756097561,16,1,98.8124366324453,0.546680534884317,15.9785221274314,0.0214778725686173,0
97.7322926829268,16,1,96.1878241381851,1.54446854474175,15.9889746686691,0.0110253313309094,0
97.1988292682927,16,1,96.8050028077978,0.393826460494893,15.9813559644473,0.0186440355527182,0
44.3346341463415,-32,0,46.5306709078705,0,-32.010511053435,0,1
45.4015609756098,-32,1,44.8359011008215,0.565659874788288,-32.0119737528953,0.011973752895301,0
46.4684878048781,-32,1,46.9460629224001,0.477575117522079,-32.0131648532197,0.0131648532196706,0
47.5354146341463,-32,1,48.8583398481096,1.32292521396325,-32.0138827617889,0.013882761788949,0
48.6023414634146,-32,0,51.1002345949096,0,-32.011709457399,0,1
123.831829268293,37,0,NaN,0,NaN,0,0
122.598195121951,37,0,NaN,0,NaN,0,0
121.36456097561,37,0,NaN,0,NaN,0,0
120.130926829268,37,0,NaN,0,NaN,0,0
118.897292682927,37,0,NaN,0,NaN,0,0
93.6668292682927,-4,1,95.4970196462147,1.83019037792205,-4.02967825965276,0.0296782596527621,0
93.8001951219512,-4,1,94.9436028312112,1.14340770926,-3.99759326834853,0.00240673165147287,0
93.9335609756098,-4,1,94.6978284097516,0.764267434141885,-4.00997844978959,0.00997844978959073,0
94.0669268292683,-4,1,94.4629045603902,0.395977731121889,-4.0186727410009,0.0186727410009029,0
94.2002926829268,-4,1,94.4001460305106,0.199853347583769,-4.00984220389245,0.00984220389245483,0
135.49987804878,3,1,134.263451546414,1.23642650236621,2.99112348054448,0.00887651945552381,0
135.399853658537,3,1,134.420301102497,0.979552556039835,3.04843372188781,0.0484337218878097,0
135.299829268293,3,1,134.457119553826,0.842709714466906,3.01825157820746,0.0182515782074604,0
135.199804878049,3,1,134.609288151941,0.590516726107296,3.01139073697492,0.0113907369749215,0
135.099780487805,3,1,134.69847393487,0.401306552934585,3.01273309730057,0.0127330973005675,0
120.501341463415,-33,1,120.742234216859,0.240892753443944,-33.0126800182905,0.0126800182904603,0
121.601609756098,-33,1,122.580830652803,0.979220896705399,-33.0079764101827,0.00797641018272799,0
122.70187804878,-33,1,124.569604874237,1.86772682545674,-33.0118037751512,0.0118037751512432,0
123.802146341463,-33,1,122.821146303662,0.981000037801465,-32.9888551956836,0.0111448043164231,0
124.902414634146,-33,1,125.1188250874,0.216410453253786,-33.0186259891859,0.0186259891859493,0
113.166707317073,-1,1,113.215963099337,0.0492557822636286,-0.985148274517143,0.0148517254828567,0
113.200048780488,-1,1,113.200607339914,0.000558559426167449,-0.98215511785867,0.0178448821413302,0
113.233390243902,-1,1,113.191120487466,0.0422697564365535,-0.984495234417432,0.015504765582568,0
113.266731707317,-1,1,113.180066278599,0.0866654287177369,-0.984755639236618,0.0152443607633816,0
113.300073170732,-1,1,113.131277357125,0.168795813606465,-0.985926161738436,0.0140738382615644,0
56.8328048780488,13,1,55.9971277363225,0.835677141726258,13.0148944540732,0.014894454073179,0
56.3993658536585,13,1,56.4601533585151,0.0607875048565631,13.0156179784377,0.0156179784376675,0
55.9659268292683,13,1,57.5441163037057,1.57818947443737,13.0132308750205,0.0132308750205219,0
55.532487804878,13,1,54.3978508727599,1.13463693211814,13.0176975046791,0.017697504679111,0
55.0990487804878,13,1,55.0480173053681,0.0510314751197356,13.0150782822217,0.0150782822217437,0
65.3343902439024,-26,1,65.7632502317634,0.428859987860918,-25.9827249042709,0.0172750957291044,0
66.2012682926829,-26,1,67.9271341853663,1.72586589268342,-25.9849791155344,0.0150208844656063,0
67.0681463414634,-26,1,66.6212771438288,0.446869197634598,-25.9852587003869,0.014741299613128,0
67.9350243902439,-26,1,68.7678084206857,0.832784030441786,-25.9839651011387,0.0160348988612959,0
68.8019024390244,-26,1,68.2788844056166,0.523018033407809,-25.9755646278788,0.0244353721211823,0
46.3331707317073,4,1,46.5561140818499,0.222943350142558,4.01224696689109,0.0122469668910945,0
46.1998048780488,4,1,46.6994287984986,0.499623920449856,4.01388802315257,0.0138880231525667,0
46.0664390243902,4,1,46.8693511022072,0.802912077817005,4.01232903286516,0.0123290328651606,0
45.9330731707317,4,1,47.0671777192583,1.13410454852658,4.01187306967307,0.0118730696730696,0
45.7997073170732,4,1,47.2090698563903,1.40936253931711,4.0114699310752,0.0114699310751956,0
20.8340243902439,-17,1,19.6333112385118,1.2007131517321,-17.0016363626106,0.00163636261061484,0
21.4008292682927,-17,1,22.379412987928,0.978583719635328,-16.9995622705394,0.000437729460578851,0
21.9676341463415,-17,1,21.7171611686726,0.250472977668821,-17.0030834472266,0.00308344722655107,0
22.5344390243902,-17,1,24.1125109832449,1.57807195885468,-16.9863780027779,0.0136219972220566,0
23.101243902439,-17,1,23.57726487947,0.476020977030934,-17.0033845005647,0.00338450056468886,0
24.9992682926829,18,1,23.9130807887981,1.08618750388484,18.0149759761941,0.0149759761941333,0
24.3991219512195,18,1,24.7048918225708,0.305769871351259,18.0150428382458,0.0150428382458188,0
23.7989756097561,18,1,21.9937058559415,1.80526975381462,18.0143825486955,0.014382548695508,0
23.1988292682927,18,1,23.043459772311,0.155369495981716,18.0151865485854,0.0151865485854046,0
22.5986829268293,18,1,23.590572652947,0.991889726117705,18.0093861497539,0.00938614975387964,0
42.1676829268293,-25,1,42.4887681093065,0.321085182477248,-24.9857565110596,0.0142434889403944,0
43.0012195121951,-25,1,44.6675519559818,1.66633244378673,-24.9850236228904,0.0149763771095621,0
43.834756097561,-25,1,43.412906708184,0.421849389376987,-24.9858212397771,0.014178760222908,0
44.6682926829268,-25,1,45.5736655674917,0.905372884564855,-24.9858296705325,0.014170329467543,0
45.5018292682927,-25,1,44.7521664555903,0.74966281270239,-24.9806317493206,0.0193682506793813,0
46.8332926829268,1,1,45.8487217939021,0.984570889024724,0.986414788431416,0.0135852115685837,0
46.7999512195122,1,1,45.9595792369294,0.840371982582802,0.986232350029722,0.0137676499702777,0
46.7666097560976,1,1,46.0577355615798,0.708874194517783,0.98477694785113,0.01522305214887,0
46.7332682926829,1,1,46.1171047129389,0.61616357974399,0.986646894291969,0.0133531057080312,0
46.6999268292683,1,1,46.1870545885711,0.512872240697178,0.985385806247163,0.0146141937528366,0
61.8342682926829,-23,1,63.6298823530607,1.79561406037781,-23.0175283836976,0.0175283836975595,0
62.6011219512195,-23,1,62.3952682453292,0.205853705890263,-23.0185189179079,0.0185189179078904,0
63.3679756097561,-23,1,64.6419328349687,1.27395722521264,-23.0100497630683,0.0100497630682774,0
64.1348292682927,-23,1,63.9016647042284,0.233164564064246,-23.0152431105046,0.015243110504624,0
64.9016829268293,-23,1,66.1600432707587,1.25836034392948,-23.0156467438359,0.0156467438359265,0
19.8320731707317,31,1,20.6027257426273,0.770652571895631,30.9858110732344,0.0141889267656019,0
18.7984878048781,31,1,18.4976436840207,0.300844120857349,30.9878573836762,0.0121426163237892,0
17.7649024390244,31,0,20.3306550381765,0,30.9648196823025,0,1
16.7313170731707,31,1,18.1905860867895,1.45926901361875,30.9883989977676,0.0116010022324211,0
15.6977317073171,31,0,20.3306550381765,0,30.9904726988182,0,1
110.500609756098,-15,1,110.160774398317,0.339835357780984,-14.9873842746305,0.0126157253695478,0
111.000731707317,-15,0,113.340857903455,0,-15.0044761919115,0,1
111.500853658537,-15,1,112.020969859153,0.520116200616187,-14.9949361629327,0.00506383706725444,0
112.000975609756,-15,1,111.437156328784,0.563819280972567,-14.9867032893401,0.0132967106598958,0
112.501097560976,-15,1,114.33998727855,1.8388897175743,-15.0128449774228,0.0128449774227661,0
87.0012195121951,-30,1,87.6155247647612,0.614305252566098,-29.9866738039503,0.0133261960497428,0
88.0014634146341,-30,1,89.6786857671242,1.67722235249005,-29.9914493620265,0.00855063797353495,0
89.0017073170732,-30,1,87.9696433774588,1.03206393961442,-29.9820676017312,0.0179323982688366,0
90.0019512195122,-30,1,90.274544746154,0.272593526641785,-29.9861979469984,0.0138020530015943,0
91.0021951219512,-30,1,92.230364636619,1.22816951466783,-29.9753415474198,0.0246584525802014,0
93.1664634146342,5,1,92.3401286428659,0.826334771768273,4.99656243656302,0.0034375634369832,0
92.999756097561,5,1,92.5090892013123,0.490666896248712,4.99387641915162,0.00612358084837528,0
92.8330487804878,5,1,92.6890156324611,0.144033148026708,4.99520791617855,0.00479208382144591,0
92.6663414634146,5,1,92.9090428610519,0.242701397637305,4.99944662745036,0.000553372549640052,0
92.4996341463415,5,1,93.2527863691135,0.753152222772016,4.9975041403641,0.00249585963589638,0
134.501341463415,-33,1,135.834943806908,1.33360234349357,-33.0022520285114,0.00225202851140693,0
135.601609756098,-33,0,138.470848741235,0,-33.0160290307599,0,1
136.70187804878,-33,1,136.633023470156,0.0688545786245527,-33.0166023533763,0.0166023533763422,0
137.802146341463,-33,1,138.479392823979,0.67724648251567,-33.0114531662823,0.0114531662823367,0
138.902414634146,-33,1,140.283667722604,1.38125308845747,-33.0038445785749,0.00384457857487774,0
40.4989024390244,27,1,40.3996477295501,0.0992547094742662,27.0102225760976,0.0102225760976395,0
39.5986829268293,27,1,38.3132538249578,1.28542910187149,27.0092048541648,0.0092048541648424,0
38.6984634146341,27,1,39.329491590783,0.631028176148838,26.9970019536911,0.00299804630892808,0
37.798243902439,27,1,37.1239987984822,0.674245103956778,27.0117890656984,0.0117890656984301,0
36.8980243902439,27,0,34.8032763899212,0,27.0096973972162,0,1
10.834512195122,-29,0,NaN,0,NaN,0,0
11.8014146341463,-29,0,NaN,0,NaN,0,0
12.7683170731707,-29,0,NaN,0,NaN,0,0
13.7352195121951,-29,0,NaN,0,NaN,0,0
14.7021219512195,-29,0,NaN,0,NaN,0,0
112.334146341463,-20,1,111.096901895544,1.23724444591899,-19.9903179804224,0.0096820195775571,0
113.000975609756,-20,1,113.523973997477,0.522998387720776,-19.9849428383764,0.0150571616235986,0
113.667804878049,-20,1,112.876973765048,0.790831113000863,-19.9801009850451,0.0198990149549267,0
114.334634146341,-20,1,115.288105373607,0.953471227265766,-19.9850528488765,0.0149471511234864,0
115.001463414634,-20,1,114.375526137485,0.625937277149589,-19.9858779944133,0.0141220055866675,0
60.4998780487805,3,1,61.5754455862989,1.07556753751837,3.01392845871501,0.0139284587150135,0
60.3998536585366,3,1,61.8011465838992,1.40129292536258,3.01445597837384,0.0144559783738356,0
60.2998292682927,3,1,61.9925606961246,1.69273142783194,3.01730419217119,0.0173041921711938,0
60.1998048780488,3,0,58.0720606562458,0,3.01635039249339,0,1
60.0997804878049,3,1,58.3086230696642,1.7911574181407,3.01317063386146,0.0131706338614603,0
130.665853658537,20,1,130.255063362896,0.41079029564051,19.9869904363922,0.0130095636078451,0
129.999024390244,20,1,130.990157550988,0.991133160744113,19.9619825553697,0.0380174446302739,0
129.332195121951,20,1,128.578129906255,0.754065215696528,19.9966516742255,0.00334832577446065,0
128.665365853659,20,1,129.429136661354,0.763770807695437,19.9937750944829,0.00622490551705113,0
127.998536585366,20,1,126.827765181134,1.17077140423214,19.9943104246954,0.00568957530463621,0
53.3324390243902,22,1,53.7291510241673,0.396711999777047,22.0047906651264,0.00479066512643911,0
52.5989268292683,22,1,51.4386467741793,1.160280055089,22.0084976468697,0.00849764686974197,0
51.8654146341463,22,1,52.300124797435,0.434710163288656,22.0017670539404,0.00176705394036247,0
51.1319024390244,22,1,49.9572407622894,1.17466167673494,22.0108412504508,0.0108412504508415,0
50.3983902439024,22,1,51.0694565566906,0.67106631278812,22.0056113396449,0.00561133964490779,0
6.33341463414634,-2,0,NaN,0,NaN,0,0
6.40009756097561,-2,0,NaN,0,NaN,0,0
6.46678048780488,-2,0,NaN,0,NaN,0,0
6.53346341463415,-2,0,NaN,0,NaN,0,0
6.60014634146341,-2,0,NaN,0,NaN,0,0
48.8335365853659,-5,1,49.9140748865211,1.08053830115524,-4.99792621745611,0.00207378254389301,0
49.000243902439,-5,1,49.6614537640219,0.661209861582854,-4.99550948759751,0.00449051240249254,0
49.1669512195122,-5,1,49.4862471533785,0.319295933866343,-4.99576412165795,0.00423587834205463,0
49.3336585365854,-5,1,49.3628105048099,0.0291519682245323,-4.99626260095155,0.00373739904845483,0
49.5003658536585,-5,1,49.2330853285074,0.267280525151136,-4.9967493065044,0.00325069349560092,0
105.334634146341,-32,1,107.190774687646,1.85614054130461,-31.9955559065036,0.00444409349637809,0
106.40156097561,-32,1,105.430456126066,0.971104849544105,-32.0106604858395,0.0106604858395016,0
107.468487804878,-32,1,107.585111306264,0.116623501385789,-32.01893027085,0.0189302708499568,0
108.535414634146,-32,1,109.479182488963,0.943767854816429,-32.0138654773737,0.0138654773736562,0
109.602341463415,-32,0,111.690305903183,0,-32.0178298521716,0,1
20.6675609756098,-22,1,20.1326033684845,0.534957607125225,-22.0081812592806,0.00818125928062585,0
21.4010731707317,-22,1,22.5001628671032,1.09908969637146,-22.0087429828013,0.00874298280129082,0
22.1345853658537,-22,1,21.5427668461657,0.591818519687966,-22.0067335728552,0.00673357285522513,0
22.8680975609756,-22,1,23.8395396523547,0.971442091379075,-22.0066518195969,0.00665181959692873,0
23.6016097560976,-22,1,23.1519168305005,0.449692925597045,-22.0038557890343,0.00385578903428296,0
76.6673170731707,-16,1,77.2842564309348,0.616939357764096,-15.9801050696058,0.0198949303942175,0
77.2007804878049,-16,1,76.8301085278764,0.370671959928515,-15.9774920077227,0.0225079922772675,0
77.734243902439,-16,1,79.4182286683408,1.68398476590174,-15.9775510666755,0.0224489333244637,0
78.2677073170732,-16,1,78.7835694656724,0.515862148599254,-15.9855730900617,0.0144269099382779,0
78.8011707317073,-16,1,77.8395498198268,0.961620911880544,-15.9827209141623,0.0172790858376644,0
40.999756097561,6,1,40.2105708090756,0.789185288485378,5.9835656107897,0.0164343892103025,0
40.7997073170732,6,1,40.4295792419997,0.370128075073509,5.98390573746481,0.0160942625351916,0
40.5996585365854,6,1,40.5747622517006,0.0248962848847185,5.98412549580948,0.0158745041905206,0
40.3996097560976,6,1,40.7300087589877,0.330399002890132,5.98460104778709,0.0153989522129079,0
40.1995609756098,6,1,40.9699471623617,0.770386186751949,5.98400474211434,0.0159952578856641,0
134.334634146341,-32,1,136.222915776391,1.88828163004962,-32.0160527611491,0.0160527611490835,0
135.40156097561,-32,1,134.612706816579,0.78885415903099,-32.0318884274157,0.0318884274157085,0
136.468487804878,-32,1,136.817662872933,0.349175068055132,-32.0012103654511,0.00121036545111508,0
137.535414634146,-32,1,138.73448006236,1.1990654282134,-32.0167832117941,0.0167832117940918,0
138.602341463415,-32,0,140.977149355868,0,-32.0115971087705,0,1
57.4998780487805,3,1,58.6328768836849,1.13299883490443,3.01126289053293,0.0112628905329251,0
57.3998536585366,3,1,59.1367532104904,1.73689955195381,3.01248767695727,0.0124876769572682,0
57.2998292682927,3,1,55.6472789087754,1.65255035951724,3.00810817270074,0.00810817270074082,0
57.1998048780488,3,1,55.589286743769,1.61051813427981,3.01326736698454,0.0132673669845444,0
57.0997804878049,3,1,55.7243365821925,1.37544390561241,3.01232533984636,0.012325339846365,0
51.9992682926829,18,1,52.0977387634456,0.098470470762706,18.0124909585276,0.0124909585275681,0
51.3991219512195,18,1,49.4647616741983,1.93436027702125,18.0183506856955,0.0183506856955127,0
50.7989756097561,18,1,50.5483808433614,0.250594766394691,18.015146875222,0.0151468752220296,0
50.1988292682927,18,1,51.4070529294575,1.20822366116484,18.0129382715409,0.0129382715408859,0
49.5986829268293,18,1,48.8604143689015,0.73826855792781,18.0132732826026,0.0132732826025901,0
65.8318292682927,37,0,NaN,0,NaN,0,0
64.5981951219512,37,0,NaN,0,NaN,0,0
63.3645609756098,37,0,NaN,0,NaN,0,0
62.1309268292683,37,0,NaN,0,NaN,0,0
60.8972926829268,37,0,NaN,0,NaN,0,0
42.8332926829268,1,1,44.7351355221948,1.90184283926795,0.983072129016187,0.0169278709838129,0
42.7999512195122,1,1,40.8614294739871,1.93852174552507,0.986147958183989,0.0138520418160113,0
42.7666097560976,1,1,40.8564891955878,1.91012056050974,0.986338125833391,0.0136618741666092,0
42.7332682926829,1,1,40.9010644055463,1.83220388713662,0.984659590419374,0.0153404095806263,0
42.6999268292683,1,1,40.9471150087636,1.75281182050468,0.989898949673674,0.0101010503263261,0
79.1662195121951,11,1,80.8422890583124,1.67606954611728,10.9809567266584,0.019043273341607,0
78.7994634146341,11,1,77.4531617436686,1.34630167096554,10.9783813321283,0.0216186678716994,0
78.4327073170732,11,1,78.0514187591859,0.381288557887316,10.9824928497361,0.0175071502639081,0
78.0659512195122,11,1,78.5697399755024,0.503788755990158,10.9831185282792,0.0168814717207564,0
77.6991951219512,11,1,79.2174503308174,1.51825520886615,10.9870348004795,0.0129651995205471,0
73.4989024390244,27,1,74.5210271349325,1.02212469590813,27.0082311240098,0.00823112400977877,0
72.5986829268293,27,1,72.1537615194968,0.444921407332444,27.0141814251461,0.0141814251461199,0
71.6984634146341,27,1,69.9822290709194,1.71623434371472,27.0035657542561,0.00356575425614736,0
70.798243902439,27,1,70.938926797535,0.140682895095964,27.0099674987253,0.00996749872533087,0
69.8980243902439,27,1,68.8545008158063,1.04352357443757,27.0113692426301,0.0113692426301348,0
8.99878048780488,30,0,NaN,0,NaN,0,0
7.99853658536585,30,0,NaN,0,NaN,0,0
6.99829268292683,30,0,NaN,0,NaN,0,0
5.9980487804878,30,0,NaN,0,NaN,0,0
4.99780487804878,30,0,NaN,0,NaN,0,0
91.1676829268293,-25,1,92.0157626468182,0.848079719988917,-24.9852766080738,0.0147233919261751,0
92.0012195121951,-25,1,90.5254887574392,1.47573075475592,-24.9993433558992,0.000656644100811121,0
92.834756097561,-25,1,93.3125928100208,0.477836712459791,-24.9843020809667,0.0156979190333466,0
93.6682926829268,-25,0,95.7755958677106,0,-24.9839510709917,0,1
94.5018292682927,-25,1,94.3602807962409,0.141548472051824,-24.9853650506506,0.0146349493494249,0
103.333902439024,-14,1,102.774227021572,0.559675417451999,-14.0050806640428,0.00508066404283625,0
103.800682926829,-14,1,105.433318250241,1.63263532341205,-14.0019120244113,0.00191202441133242,0
104.267463414634,-14,1,104.877992971051,0.610529556416736,-14.0088665260311,0.00886652603110427,0
104.734243902439,-14,1,104.475592472187,0.258651430251874,-13.996875864016,0.00312413598404149,0
105.201024390244,-14,1,107.13977876219,1.93875437194616,-14.0164610801359,0.0164610801358922,0
39.3336585365854,-8,1,39.031183219928,0.3024753166574,-8.01665661508135,0.0166566150813505,0
39.6003902439024,-8,1,38.6595950241969,0.940795219705528,-8.0156349565651,0.0156349565651048,0
39.8671219512195,-8,1,38.6920508092359,1.17507114198362,-8.00952935809301,0.00952935809300826,0
40.1338536585366,-8,1,41.2343453454636,1.10049168692702,-8.01392936733244,0.0139293673324374,0
40.4005853658537,-8,1,40.8955637709239,0.494978405070192,-8.01602184241318,0.0160218424131759,0
59.8328048780488,13,1,58.9428737387567,0.889931139292038,13.0153989276154,0.015398927615367,0
59.3993658536585,13,1,59.4671443422981,0.0677784886395258,13.0139831107488,0.0139831107488142,0
58.9659268292683,13,1,60.0493361488295,1.08340931956118,13.0105636587552,0.0105636587551796,0
58.532487804878,13,1,57.3180655484924,1.21442225638567,13.0154098570976,0.0154098570975556,0
58.0990487804878,13,1,57.7689656256372,0.330083154850577,13.0167759501282,0.0167759501282134,0
121.834268292683,-23,1,122.206033234758,0.371764942075188,-23.0126073154741,0.0126073154741206,0
122.60112195122,-23,1,124.483725688953,1.88260373773313,-23.0039612393276,0.00396123932761583,0
123.367975609756,-23,1,123.714824163127,0.346848553371302,-23.0136337425777,0.0136337425777384,0
124.134829268293,-23,0,126.213867574092,0,-23.0158767006096,0,1
124.901682926829,-23,1,124.950495170417,0.0488122435873208,-23.0172002487392,0.0172002487392469,0
25.3326829268293,16,1,23.5316312736797,1.80105165314956,15.9813708433868,0.0186291566132155,0
24.7992195121951,16,1,24.1775698683098,0.621649643885348,15.9833782696801,0.0166217303199119,0
24.265756097561,16,1,25.0305754679661,0.764819370405103,15.9821036714978,0.0178963285021876,0
23.7322926829268,16,1,22.2314345692954,1.50085811363147,15.9807670421368,0.0192329578631565,0
23.1988292682927,16,1,23.0710843350536,0.127744933239089,15.9831251089479,0.0168748910520531,0
56.3329268292683,10,1,56.6542095428106,0.32128271354226,9.99143038176889,0.00856961823111391,0
55.999512195122,10,1,57.4762458823561,1.47673368723415,9.99567375982284,0.0043262401771571,0
55.6660975609756,10,1,54.1239251850275,1.54217237594816,9.99523861045536,0.00476138954464211,0
55.3326829268293,10,1,54.8661394971968,0.466543429632459,9.99414503855938,0.00585496144061892,0
54.9992682926829,10,1,55.1950553344028,0.195787041719839,9.9924966742293,0.00750332577070445,0
5.83231707317073,25,0,NaN,0,NaN,0,0
4.99878048780488,25,0,NaN,0,NaN,0,0
4.16524390243902,25,0,NaN,0,NaN,0,0
3.33170731707317,25,0,NaN,0,NaN,0,0
2.49817073170732,25,0,NaN,0,NaN,0,0
129.167195121951,-13,1,129.172951215045,0.0057560930934244,-13.0157842851462,0.0157842851461627,0
129.600634146341,-13,1,128.375533961188,1.22510018515328,-13.0247034791114,0.0247034791114373,0
130.034073170732,-13,1,131.405587679584,1.37151450885202,-13.0231018756341,0.0231018756341452,0
130.467512195122,-13,1,130.806249230566,0.338737035444126,-13.0222564775786,0.0222564775785585,0
130.900951219512,-13,1,130.412288359666,0.488662859846301,-13.0139536038226,0.0139536038226051,0
66.6658536585366,20,1,66.444894804908,0.220958853628616,19.9883334648959,0.0116665351041298,0
65.9990243902439,20,1,64.0872745198757,1.91174987036824,19.9870336529645,0.0129663470355297,0
65.3321951219512,20,1,64.8030826453634,0.529112476587798,19.987774766223,0.012225233776995,0
64.6653658536585,20,1,66.1371482296563,1.47178237599772,19.9802901252392,0.019709874760764,0
63.9985365853659,20,1,63.4608443067525,0.537692278613392,19.9874159997145,0.012584000285468,0
116.166219512195,11,1,115.757218922899,0.409000589296184,10.985192081941,0.0148079180590237,0
115.799463414634,11,1,116.127588351675,0.328124937040727,10.9830955566891,0.0169044433108549,0
115.432707317073,11,1,117.155849834458,1.72314251738474,10.9849613290135,0.0150386709864616,0
115.065951219512,11,1,113.67492582265,1.39102539686252,10.9894883596534,0.0105116403466443,0
114.699195121951,11,1,114.317606490921,0.381588631030411,10.9789267448574,0.0210732551426087,0
35.6653658536585,32,1,36.3723274588009,0.706961605142382,32.0013708975663,0.00137089756628228,0
34.5984390243902,32,1,34.5007043837894,0.0977346406008479,32.0112581495538,0.0112581495538393,0
33.5315121951219,32,1,32.5920868579407,0.939425337181284,32.0143097027806,0.014309702780551,0
32.4645853658537,32,1,30.6073835622923,1.85720180356138,32.0131047142576,0.0131047142575582,0
31.3976585365854,32,1,32.1988824920605,0.801223955475127,32.0057095098342,0.00570950983421881,0
48.8323170731707,25,1,49.5015824364119,0.66926536324118,24.9810068501092,0.0189931498908464,0
47.9987804878049,25,1,47.2916128947006,0.707167593104238,24.9855215966928,0.0144784033071623,0
47.165243902439,25,0,44.9801376183241,0,24.9855453491383,0,1
46.3317073170732,25,1,46.1429510153684,0.188756301704778,24.9880257636613,0.0119742363386948,0
45.4981707317073,25,1,43.9980967762445,1.50007395546281,24.9809236817498,0.0190763182501676,0
128.333658536585,-8,1,126.366301510289,1.96735702629665,-8.0401260730684,0.0401260730683966,0
128.600390243902,-8,1,130.132525230284,1.53213498638112,-8.01532321352095,0.0153232135209542,0
128.86712195122,-8,1,129.567796411628,0.700674460408379,-8.02948233682512,0.0294823368251151,0
129.133853658537,-8,1,129.150528409756,0.0166747512194263,-8.01683058020664,0.0168305802066353,0
129.400585365854,-8,1,128.742575740778,0.658009625075351,-8.01240763886986,0.0124076388698633,0
100.834024390244,-17,0,102.916731940203,0,-16.9977304689335,0,1
101.400829268293,-17,1,102.050747592218,0.649918323924965,-17.0039493975802,0.00394939758023227,0
101.967634146341,-17,1,101.10659712895,0.861037017391297,-17.0001147950965,0.000114795096468612,0
102.53443902439,-17,1,103.909816330963,1.37537730657242,-16.9978031573989,0.00219684260105524,0
103.101243902439,-17,1,103.097971144616,0.00327275782271386,-17.005736458752,0.00573645875201123,0
8.9990243902439,24,0,NaN,0,NaN,0,0
8.19882926829268,24,0,NaN,0,NaN,0,0
7.39863414634146,24,0,NaN,0,NaN,0,0
6.59843902439024,24,0,NaN,0,NaN,0,0
5.79824390243902,24,0,NaN,0,NaN,0,0
141.166463414634,5,1,139.953395490683,1.21306792395129,4.99220359304403,0.00779640695596839,0
140.999756097561,5,1,140.388404506232,0.61135159132931,4.99737165813469,0.00262834186530725,0
140.833048780488,5,1,140.670045251063,0.163003529424657,5.01072595644728,0.0107259564472795,0
140.666341463415,5,1,140.842208351832,0.175866888417687,5.00510153300692,0.00510153300691574,0
140.499634146341,5,1,141.095997341696,0.596363195354797,4.99696811744819,0.00303188255181297,0
66.000243902439,-6,0,68.1940061340492,0,-5.98251482690577,0,1
66.2002926829268,-6,1,67.7208647260923,1.52057204316552,-5.98363555246718,0.0163644475328217,0
66.4003414634146,-6,1,67.0946103362565,0.694268872841832,-5.98321228265627,0.0167877173437283,0
66.6003902439024,-6,1,66.8591099129574,0.258719669054969,-5.98735186298905,0.0126481370109461,0
66.8004390243902,-6,1,66.6819403096368,0.1184987147534,-5.98403108490787,0.0159689150921301,0
114.834268292683,-23,1,114.808407827239,0.0258604654437988,-23.0131172398145,0.013117239814509,0
115.60112195122,-23,1,117.149280068745,1.54815811752526,-23.0168547141,0.0168547141000204,0
116.367975609756,-23,1,115.877432996902,0.490542612854554,-23.0099477485634,0.00994774856344449,0
117.134829268293,-23,1,118.235328817361,1.10049954906864,-23.0121668669806,0.0121668669805857,0
117.901682926829,-23,1,117.392804133953,0.508878792876544,-23.0160550180623,0.0160550180622607,0
96.5013414634146,-33,0,98.6829470594749,0,-33.0104407263546,0,1
97.6016097560976,-33,1,96.9985166779765,0.60309307812102,-32.9949716601928,0.00502833980721107,0
98.7018780487805,-33,1,99.0607407692489,0.358862720468409,-33.0107294484157,0.010729448415745,0
99.8021463414634,-33,1,100.831532295648,1.02938595418499,-33.0195454779454,0.0195454779453641,0
100.902414634146,-33,0,102.975352151227,0,-33.0013303856281,0,1
121.166951219512,-7,0,123.394220918817,0,-7.0052443383887,0,1
121.400341463415,-7,1,122.432037546714,1.03169608329949,-6.97648830096984,0.0235116990301636,0
121.633731707317,-7,1,122.14305079359,0.509319086273223,-6.99006105680778,0.00993894319221855,0
121.86712195122,-7,1,121.954550140832,0.0874281896124245,-6.98601567927992,0.0139843207200849,0
122.100512195122,-7,1,121.807769520006,0.292742675115704,-6.99520323663353,0.0047967633664685,0
11.000243902439,-6,0,NaN,0,NaN,0,0
11.2002926829268,-6,0,NaN,0,NaN,0,0
11.4003414634146,-6,0,NaN,0,NaN,0,0
11.6003902439024,-6,0,NaN,0,NaN,0,0
11.8004390243902,-6,0,NaN,0,NaN,0,0
20.0012195121951,-30,1,21.1678481358588,1.16662862366367,-29.9836902175057,0.0163097824943144,0
21.0014634146341,-30,0,23.3498251094942,0,-29.9803613154731,0,1
22.0017073170732,-30,1,21.8515886279734,0.150118689099742,-29.9837151752602,0.0162848247397704,0
23.0019512195122,-30,1,23.8052052531064,0.803254033594229,-29.9835383317092,0.0164616682907806,0
24.0021951219512,-30,1,25.8829654401318,1.88077031818058,-29.9798561154923,0.0201438845077035,0
33.8337804878049,-11,1,32.7963711555482,1.03740933225672,-10.9830996509673,0.0169003490327118,0
34.2005365853659,-11,1,36.0238845101725,1.82334792480664,-10.9824787200033,0.0175212799967497,0
34.5672926829268,-11,1,35.188698328765,0.621405645838216,-10.9820416083599,0.0179583916400841,0
34.9340487804878,-11,1,34.7782319927345,0.155816787753317,-10.9836710758031,0.0163289241969071,0
35.3008048780488,-11,1,34.2853409738007,1.01546390424809,-10.9818308952526,0.0181691047473738,0
73.000487804878,-12,1,72.2437880649971,0.756699739880986,-11.9945373399641,0.00546266003593665,0
73.4005853658537,-12,1,74.9951641706094,1.59457880475571,-11.9931459850031,0.0068540149968932,0
73.8006829268293,-12,1,74.4617726667781,0.661089739948835,-11.9948001422994,0.00519985770060138,0
74.2007804878049,-12,1,74.0400576091467,0.160722878658149,-11.9954652717298,0.00453472827018864,0
74.6008780487805,-12,1,72.996314653267,1.60456339551345,-12.0063606386836,0.00636063868361703,0
17.6668292682927,-4,0,20.3306550381765,0,-4.01083653910922,0,1
17.8001951219512,-4,0,20.3306550381765,0,-4.00930558384909,0,1
17.9335609756098,-4,0,20.3464562890657,0,-4.01126076876805,0,1
18.0669268292683,-4,0,20.3306550381765,0,-4.00736535068856,0,1
18.2002926829268,-4,1,19.4987955739064,1.29850289097952,-4.0101073983125,0.0101073983125017,0
131.333902439024,-14,1,133.171908951171,1.83800651214679,-13.9896200174198,0.010379982580238,0
131.800682926829,-14,1,132.487387600437,0.686704673608091,-13.9956360705855,0.00436392941451835,0
132.267463414634,-14,1,132.12553225469,0.141931159943681,-14.0130844205314,0.0130844205313618,0
132.734243902439,-14,0,134.894670486128,0,-14.0211364305354,0,1
133.201024390244,-14,1,134.069572847975,0.868548457731521,-14.0120270711123,0.012027071112259,0
75.8328048780488,13,1,74.7797763574214,1.05302852062734,13.013151441125,0.0131514411249949,0
75.3993658536585,13,1,75.1799609174626,0.219404936195971,13.0162228028874,0.0162228028874321,0
74.9659268292683,13,1,75.788939458154,0.823012628885735,13.0121864558716,0.0121864558716496,0
74.532487804878,13,1,72.897450253754,1.63503755112406,13.019731635822,0.0197316358219926,0
74.0990487804878,13,1,73.5847679548815,0.514280825606292,13.0107711317813,0.0107711317812882,0
61.1659756097561,17,1,60.299627838591,0.866347771165081,17.0044295220391,0.00442952203913194,0
60.5991707317073,17,1,61.1291990396448,0.530028307937485,17.0080540382808,0.00805403828080031,0
60.0323658536585,17,1,58.3114909092259,1.7208749444326,17.0038153898423,0.00381538984225571,0
59.4655609756098,17,1,59.3240076536758,0.141553321933927,17.0052887918705,0.00528879187047693,0
58.898756097561,17,1,60.0808075604425,1.1820514628815,17.0058570725108,0.00585707251083889,0
56.3329268292683,10,1,56.6634586398252,0.330531810556856,9.99151499036152,0.00848500963848409,0
55.999512195122,10,1,57.4894468983673,1.48993470324537,9.99529514009176,0.0047048599082391,0
55.6660975609756,10,1,54.1361576988521,1.52993986212355,9.9956132687777,0.00438673122230249,0
55.3326829268293,10,1,54.8685273607871,0.464155566042152,9.99260341158091,0.00739658841909474,0
54.9992682926829,10,1,55.2017095467234,0.202441254040515,9.9942459921195,0.0057540078804994,0
20.0009756097561,-24,1,21.0980146569827,1.09703904722657,-24.0005833000815,0.000583300081487437,0
20.8011707317073,-24,1,19.8194952177406,0.981675513966749,-24.0001596510283,0.000159651028273089,0
21.6013658536585,-24,1,22.2084729371501,0.60710708349157,-24.0001855150528,0.000185515052830709,0
22.4015609756098,-24,1,21.575904340121,0.825656635488706,-23.9949510565703,0.00504894342965656,0
23.201756097561,-24,1,23.5967561746509,0.395000077089914,-24.0009633385817,0.000963338581666306,0
107.333658536585,-8,1,107.362641660212,0.0289831236270857,-8.01032031592469,0.0103203159246892,0
107.600390243902,-8,1,107.149170710533,0.451219533369112,-8.00965305307032,0.00965305307031628,0
107.86712195122,-8,1,106.704107100154,1.16301485106514,-7.99147030634001,0.00852969365998835,0
108.133853658537,-8,0,110.425084515015,0,-8.03248670376036,0,1
108.400585365854,-8,1,109.354135380042,0.953550014188707,-8.00819732606553,0.0081973260655257,0
75.1664634146342,5,1,75.5453644146092,0.378900999975059,4.99744527465329,0.00255472534670798,0
74.999756097561,5,1,75.9314330582563,0.931676960695356,4.9994225993516,0.000577400648399617,0
74.8330487804878,5,1,76.5170895203802,1.68404073989235,5.00167110742403,0.00167110742403143,0
74.6663414634146,5,1,72.7763921904838,1.88994927293083,4.99620586562146,0.00379413437853682,0
74.4996341463415,5,1,73.0736432213946,1.4259909249469,4.99453359777794,0.00546640222206385,0
42.6668292682927,-4,1,41.0604712717373,1.6063579965554,-4.0120041009577,0.0120041009576957,0
42.8001951219512,-4,1,44.7847230126486,1.98452789069735,-4.01153317493062,0.0115331749306167,0
42.9335609756098,-4,1,44.6055980436435,1.67203706803375,-4.01094445848258,0.0109444584825775,0
43.0669268292683,-4,1,44.2899005888107,1.22297375954244,-4.01284442650476,0.0128444265047607,0
43.2002926829268,-4,1,43.9747097324821,0.774417049555311,-4.01259169265179,0.0125916926517879,0
141.167926829268,-31,1,140.803225162159,0.364701667109159,-30.9805107788811,0.0194892211188744,0
142.201512195122,-31,1,142.769645087394,0.56813289227216,-30.985567493569,0.0144325064310493,0
143.235097560976,-31,1,144.584806921336,1.34970936036072,-31.0067114765834,0.0067114765834404,0
144.268682926829,-31,1,143.440779544965,0.82790338186399,-30.9555260824566,0.0444739175433959,0
145.302268292683,-31,1,145.404333564788,0.10206527210525,-30.990177080469,0.00982291953098979,0
96.6663414634146,8,1,98.0631089685452,1.39676750513053,8.01848097325266,0.0184809732526645,0
96.3996097560976,8,0,94.3712904445869,0,8.02266648344947,0,1
96.1328780487805,8,1,95.2025919337474,0.930286115033098,8.01879919312595,0.0187991931259521,0
95.8661463414634,8,1,95.6449314551608,0.22121488630259,8.01236395257807,0.0123639525780685,0
95.5994146341463,8,1,95.8803827744093,0.280968140262956,8.0130103979847,0.0130103979847025,0
48.1667073170732,-1,1,47.4696379998944,0.697069317178808,-0.985582198898529,0.0144178011014705,0
48.2000487804878,-1,1,47.4242491002113,0.775799680276457,-0.985666876924959,0.0143331230750412,0
48.2333902439024,-1,1,47.3792075664885,0.854182677413924,-0.984900507522968,0.0150994924770324,0
48.2667317073171,-1,1,47.3169465883016,0.949785119015495,-0.984630914440825,0.0153690855591749,0
48.3000731707317,-1,1,47.2634469828435,1.03662618788818,-0.984310634898414,0.0156893651015857,0
126.834268292683,-23,1,126.584290936069,0.249977356613542,-23.0117494320314,0.0117494320313689,0
127.60112195122,-23,1,128.151250113107,0.550128161887386,-23.0154462873075,0.0154462873075474,0
128.367975609756,-23,0,130.658904841078,0,-23.0087892019073,0,1
129.134829268293,-23,1,129.375685565803,0.240856297510391,-23.0150941470056,0.0150941470055876,0
129.901682926829,-23,0,132.249750624037,0,-22.9765964344484,0,1
40.6673170731707,-16,1,40.8049630410458,0.137645967875024,-15.9823783457193,0.017621654280676,0
41.2007804878049,-16,1,40.3190812407974,0.881699247007468,-15.9760372854663,0.0239627145337078,0
41.734243902439,-16,1,42.7179299135202,0.983686011081218,-15.9824390184043,0.0175609815957039,0
42.2677073170732,-16,1,42.2507791217534,0.0169281953197853,-15.9819650587119,0.0180349412880521,0
42.8011707317073,-16,0,44.8369756692995,0,-15.9843608119948,0,1
27.3346341463415,-32,1,28.1970853541004,0.862451207758888,-32.0125169310279,0.0125169310278892,0
28.4015609756098,-32,1,30.2450522758575,1.84349130024772,-32.0075819695904,0.00758196959036184,0
29.468487804878,-32,1,28.7824332202176,0.686054584660475,-32.0130161285055,0.0130161285054911,0
30.5354146341463,-32,1,30.8631089680994,0.327694333953104,-32.0134369610424,0.0134369610423875,0
31.6023414634146,-32,1,32.6282364297544,1.02589496633975,-32.0117155707305,0.0117155707305159,0
75.3324390243902,22,1,75.1342359863785,0.198203038011741,22.0098996577489,0.0098996577488748,0
74.5989268292683,22,1,72.6959690990004,1.90295773026793,22.0006002357527,0.00060023575272794,0
73.8654146341463,22,1,73.7291180133929,0.136296620753399,22.0077256955748,0.00772569557484104,0
73.1319024390244,22,1,71.2019581551093,1.92994428391506,22.0034755243095,0.00347552430954323,0
72.3983902439024,22,1,72.4477471864071,0.0493569425046445,22.0077796303065,0.0077796303064801,0
126.333902439024,-14,1,126.34360131478,0.00969887575573125,-14.0064518908411,0.00645189084106157,0
126.800682926829,-14,1,125.835117234343,0.965565692486393,-14.0215459109152,0.0215459109152203,0
127.267463414634,-14,1,128.395555936729,1.12809252209449,-14.0084258664099,0.00842586640990461,0
127.734243902439,-14,1,127.937271326816,0.20302742437714,-14.0058927717938,0.00589277179377312,0
128.201024390244,-14,1,126.794529126941,1.40649526330289,-14.018161445473,0.0181614454729626,0
105.501341463415,-33,1,106.94295708112,1.44161561770534,-33.0109588866296,0.0109588866295596,0
106.601609756098,-33,0,109.210131454766,0,-33.0097031532286,0,1
107.70187804878,-33,1,107.227469280885,0.474408767895198,-33.0171866539841,0.0171866539840693,0
108.802146341463,-33,1,109.305160958264,0.50301461680057,-33.0086138996265,0.00861389962648218,0
109.902414634146,-33,1,111.196823903517,1.29440926937096,-33.0103524072066,0.0103524072065611,0
129.165731707317,23,1,128.650850300557,0.514881406759656,23.0155941329112,0.015594132911243,0
128.39887804878,23,0,126.171685536859,0,23.0217810580192,0,1
127.632024390244,23,1,127.362736555079,0.269287835164832,23.0169425265148,0.016942526514768,0
126.865170731707,23,0,124.618308986387,0,22.9913432887389,0,1
126.098317073171,23,1,126.039260500391,0.0590565727797809,23.0124716465297,0.0124716465296721,0
55.5010975609756,-27,1,55.171916947535,0.329180613440563,-27.0039661400052,0.00396614000516493,0
56.4013170731707,-27,1,57.3036464529418,0.902329379771061,-27.0117740511452,0.0117740511452098,0
57.3015365853659,-27,0,59.7599708192883,0,-27.0048964907483,0,1
58.201756097561,-27,1,58.1664209354469,0.0353351621141158,-27.012672843132,0.0126728431320053,0
59.1019756097561,-27,1,60.232168716084,1.13019310632794,-27.0122900361255,0.0122900361255347,0
133.500365853659,-9,1,133.534367409243,0.0340015555846946,-9.01252014513135,0.012520145131349,0
133.80043902439,-9,1,133.119647869849,0.680791154541197,-9.01305650336204,0.0130565033620407,0
134.100512195122,-9,1,132.545704451189,1.5548077439334,-9.02521328266179,0.0252132826617917,0
134.400585365854,-9,1,135.693305348103,1.29271998224939,-8.98639845122359,0.0136015487764123,0
134.700658536585,-9,1,135.142524157982,0.441865621396289,-9.01362461678373,0.0136246167837264,0
60,0,1,58.678799662452,1.32120033754802,0.000632387849937942,0.000632387849937942,0
60,0,1,58.7260404284909,1.27395957150905,-0.00409473738451656,0.00409473738451656,0
60,0,1,58.7219269175801,1.27807308241992,0.0017879488886877,0.0017879488886877,0
60,0,1,58.7133446379295,1.2866553620705,0.00374767702167437,0.00374767702167437,0
60,0,1,58.7088368921019,1.29116310789814,-0.00348572072056419,0.00348572072056419,0
44.5001219512195,-3,1,45.4834226400271,0.983300688807546,-3.01447234331738,0.0144723433173821,0
44.6001463414634,-3,1,45.3430781787209,0.742931837257501,-3.01366975429859,0.0136697542985895,0
44.7001707317073,-3,1,45.2329345973843,0.532763865676948,-3.01276344154566,0.0127634415456601,0
44.8001951219512,-3,1,45.1299972531937,0.329802131242438,-3.01645244609252,0.0164524460925173,0
44.9002195121951,-3,1,45.0511790267469,0.150959514551786,-3.01451107691674,0.0145110769167385,0
40.4989024390244,27,1,40.3955020859664,0.103400353057985,27.0117838833393,0.0117838833393016,0
39.5986829268293,27,1,38.3201554426709,1.27852748415834,27.0096376106947,0.00963761069467495,0
38.6984634146341,27,1,39.3355256296646,0.637062215030475,26.9968362469041,0.00316375309593653,0
37.798243902439,27,1,37.1148092024246,0.683434700014473,27.0121007000604,0.0121007000603512,0
36.8980243902439,27,0,34.815222744334,0,27.0112595336312,0,1
109.49987804878,3,0,107.390716424166,0,3.00486684131782,0,1
109.399853658537,3,1,107.719654325441,1.68019933309553,3.01973189972765,0.0197318997276512,0
109.299829268293,3,1,108.220397716378,1.07943155191425,3.0143033427131,0.0143033427131001,0
109.199804878049,3,1,108.400944452367,0.798860425681923,3.01254918963821,0.0125491896382082,0
109.099780487805,3,1,108.571294375501,0.528486112303895,3.01385212699046,0.013852126990459,0
20.4993902439024,15,1,19.7843545387527,0.715035705149692,14.9912115281935,0.00878847180652897,0
19.9992682926829,15,1,20.4771553588204,0.477887066137452,14.9909655133797,0.00903448662028161,0
19.4991463414634,15,1,20.3306550381765,0.831508696713058,14.9792286356809,0.0207713643190957,0
18.9990243902439,15,1,18.6053897941245,0.393634596119451,14.9906744133731,0.00932558662694838,0
18.4989024390244,15,1,19.1246124116048,0.625709972580434,14.9902819006891,0.00971809931093581,0
53.9990243902439,24,1,53.0762227819879,0.922801608255959,24.0003353653845,0.000335365384518838,0
53.1988292682927,24,1,53.8717310843413,0.672901816048643,23.9969998984295,0.00300010157045705,0
52.3986341463415,24,1,51.6080864933008,0.790547653040647,24.0002552367976,0.000255236797553238,0
51.5984390243902,24,1,53.1454194785323,1.54698045414206,23.9974480882548,0.00255191174515446,0
50.798243902439,24,1,50.4183704969361,0.379873405502885,24.0019108744357,0.0019108744356835,0
60.6670731707317,-10,1,61.4731638975356,0.80609072680393,-9.99410202733596,0.00589797266403558,0
61.000487804878,-10,1,61.0457233516552,0.0452355467771426,-9.99450553974486,0.00549446025513589,0
61.3339024390244,-10,1,60.4378111023122,0.896091336712232,-9.99721938936,0.0027806106400039,0
61.6673170731707,-10,0,63.9047600265079,0,-9.99190500050117,0,1
62.0007317073171,-10,1,62.9040240351641,0.903292327847026,-9.99250830709058,0.00749169290941509,0
79.3339024390244,-14,1,80.7331221534604,1.399219714436,-14.00759298597,0.00759298597003166,0
79.8006829268293,-14,1,79.9208415058244,0.120158578995103,-14.0061544056313,0.00615440563126768,0
80.2674634146342,-14,1,79.2138865248998,1.05357688973433,-14.0079607509449,0.00796075094491577,0
80.734243902439,-14,1,81.9729225689118,1.23867866647282,-14.0065891172514,0.00658911725136058,0
81.2010243902439,-14,1,81.4741393195372,0.273114929293257,-14.0084845331659,0.00848453316585029,0
95.5008536585366,-21,1,96.3430038578886,0.842150199351977,-20.9832365190555,0.0167634809444763,0
96.2010243902439,-21,1,95.5562114701553,0.644812920088569,-20.9609597411974,0.03904025880259,0
96.9011951219512,-21,1,97.9728552659083,1.07166014395705,-20.9893107963856,0.0106892036143584,0
97.6013658536585,-21,1,96.8737777926268,0.727588061031753,-20.9878997184706,0.0121002815293707,0
98.3015365853659,-21,1,99.268454781805,0.966918196439195,-20.9864269051801,0.0135730948199466,0
131.500853658537,-21,1,132.951927863086,1.45107420454968,-20.9758681538338,0.0241318461662168,0
132.201024390244,-21,1,132.211008238398,0.00998384815454756,-20.9952307035317,0.00476929646833568,0
132.901195121951,-21,1,134.719070377907,1.8178752559557,-20.9765373253339,0.0234626746660958,0
133.601365853659,-21,1,133.55170377131,0.0496620823486751,-20.9985634480687,0.00143655193129888,0
134.301536585366,-21,1,136.275319753456,1.97378316809062,-20.9905622175048,0.00943778249521898,0
55.1676829268293,-25,1,55.5317676496867,0.364084722857477,-24.9868079084757,0.0131920915242567,0
56.0012195121951,-25,1,57.7601529784307,1.75893346623555,-24.9868385955759,0.0131614044240607,0
56.834756097561,-25,1,56.6639889865976,0.170767110963375,-24.9868953967866,0.0131046032133924,0
57.6682926829268,-25,1,58.7614880981842,1.09319541525736,-24.9836271789222,0.0163728210778302,0
58.5018292682927,-25,1,57.7103731958821,0.791456072410547,-24.9863117837886,0.0136882162114098,0
48.165243902439,35,1,47.0535466718743,1.11169723056474,34.9821856964728,0.0178143035271603,0
46.9982926829268,35,1,45.0969107073603,1.90138197556658,34.9808640190648,0.0191359809352107,0
45.8313414634146,35,1,46.8583382041178,1.0269967407032,34.9771396231013,0.022860376898663,0
44.6643902439024,35,1,44.8578898761465,0.19349963224402,34.9807812489753,0.0192187510247024,0
43.4974390243902,35,1,42.9402652799936,0.557173744396692,34.9829169077276,0.0170830922723724,0
36.4996341463415,9,1,36.0085385874185,0.491095558922993,9.00850711608022,0.00850711608022436,0
36.1995609756098,9,1,36.2309935646573,0.0314325890475189,9.00904038677197,0.00904038677197327,0
35.899487804878,9,1,36.5377326409915,0.638244836113415,9.00952839672611,0.00952839672610573,0
35.5994146341463,9,1,36.4238852378547,0.824470603708377,9.00462998347498,0.00462998347498278,0
35.2993414634146,9,1,34.1047818887553,1.19455957465937,9.00841852977577,0.0084185297757724,0
116.334634146341,-32,1,116.104168472582,0.230465673759241,-32.0102019101512,0.0102019101511885,0
117.40156097561,-32,1,118.042205818942,0.640644843332083,-32.0162949668057,0.0162949668057237,0
118.468487804878,-32,1,119.946857500516,1.47836969563788,-32.0072111220182,0.0072111220182336,0
119.535414634146,-32,1,118.135496484718,1.39991814942822,-32.0163384163855,0.0163384163855298,0
120.602341463415,-32,1,120.544960726396,0.0573807370185477,-31.9924805564952,0.00751944350483313,0
111.998536585366,36,0,NaN,0,NaN,0,0
110.798243902439,36,0,NaN,0,NaN,0,0
109.597951219512,36,0,NaN,0,NaN,0,0
108.397658536585,36,1,108.828843422543,0.431184885957748,35.3866731763139,0.61332682368608,0
107.197365853659,36,0,NaN,0,NaN,0,0
45.1676829268293,-25,1,45.1032332757634,0.0644496510658925,-24.9855551009377,0.0144448990623474,0
46.0012195121951,-25,1,47.2477410144691,1.24652150227399,-24.9846465933007,0.015353406699294,0
46.834756097561,-25,1,46.4096564467954,0.425099650765603,-24.982491383116,0.0175086168840402,0
47.6682926829268,-25,1,48.568395563032,0.900102880105166,-24.9868091866602,0.0131908133398291,0
48.5018292682927,-25,1,47.238680261066,1.26314900722664,-24.9831609194366,0.0168390805633578,0
134.000243902439,-6,1,132.73982482788,1.26041907455934,-5.99791213311737,0.00208786688262563,0
134.200292682927,-6,0,136.491136000485,0,-5.97326565455823,0,1
134.400341463415,-6,1,135.614523007675,1.21418154426044,-5.98606675510655,0.0139332448934475,0
134.600390243902,-6,1,135.269641735533,0.66925149163032,-5.9917762133926,0.0082237866073962,0
134.80043902439,-6,1,135.059725320129,0.259286295738718,-5.98525751887163,0.0147424811283718,0
20.6673170731707,-16,1,20.0486291544537,0.618687918717022,-15.9829065934924,0.0170934065075752,0
21.2007804878049,-16,1,22.8626611794268,1.66188069162188,-15.9821108989377,0.0178891010623126,0
21.734243902439,-16,1,21.9388740383943,0.204630135955274,-15.9833245315544,0.0166754684456443,0
22.2677073170732,-16,1,21.3424810349329,0.925226282140311,-15.9807153342072,0.0192846657928296,0
22.8011707317073,-16,1,23.8348371451193,1.033666413412,-15.9817848978965,0.0182151021035324,0
146.501097560976,-27,1,146.975838841611,0.474741280635556,-27.0234167927223,0.0234167927223119,0
147.401317073171,-27,1,149.373069749783,1.97175267661245,-27.0263358341936,0.0263358341935636,0
148.301536585366,-27,1,147.805595846308,0.49594073905746,-27.033423913158,0.0334239131579643,0
149.201756097561,-27,1,149.9990366043,0.797280506738758,-27.0126541466778,0.0126541466778072,0
150.101975609756,-27,0,152.583982966664,0,-27.0488961564021,0,1
9.16646341463415,5,0,NaN,0,NaN,0,0
8.99975609756098,5,0,NaN,0,NaN,0,0
8.8330487804878,5,0,NaN,0,NaN,0,0
8.66634146341463,5,0,NaN,0,NaN,0,0
8.49963414634146,5,0,NaN,0,NaN,0,0
22.6675609756098,-22,1,24.1124934790591,1.44493250344935,-22.0016862520218,0.00168625202184103,0
23.4010731707317,-22,1,23.4015627445784,0.000489573846717661,-22.0071701571562,0.00717015715623504,0
24.1345853658537,-22,1,25.6999401156834,1.56535474982977,-22.0056302266725,0.00563022667252255,0
24.8680975609756,-22,1,24.8885099384636,0.0204123774880323,-22.0055131285373,0.00551312853728092,0
25.6016097560976,-22,1,27.2345006641981,1.63289090810051,-22.0080835599515,0.00808355995151544,0
138.833780487805,-11,1,139.841838396759,1.00805790895458,-10.9677427051783,0.0322572948216919,0
139.200536585366,-11,1,139.506777100986,0.306240515620146,-10.981965950896,0.0180340491040116,0
139.567292682927,-11,1,139.023199710904,0.544092972022781,-10.9928650595467,0.00713494045331764,0
139.934048780488,-11,0,142.862200449518,0,-10.9936246855038,0,1
140.300804878049,-11,1,141.404363742449,1.10355886439996,-10.9733527819372,0.0266472180627577,0
28.6675609756098,-22,1,29.7976555215373,1.13009454592757,-22.0076843253218,0.00768432532177243,0
29.4010731707317,-22,1,28.8268132674286,0.574259903303094,-22.0086120206568,0.00861202065681255,0
30.1345853658537,-22,1,31.2249199023989,1.09033453654528,-22.0084522814884,0.00845228148838117,0
30.8680975609756,-22,1,30.1639270011178,0.704170559857829,-22.0068311847882,0.00683118478820788,0
31.6016097560976,-22,1,32.4911329445927,0.889523188495179,-22.0062311927153,0.00623119271528338,0
38.3329268292683,10,1,36.5713733269556,1.76155350231274,9.99174304466608,0.00825695533392334,0
37.999512195122,10,1,37.2056267948442,0.793885400277738,9.99447978377102,0.00552021622897669,0
37.6660975609756,10,1,37.6787521971525,0.0126546361768689,9.99384664140912,0.00615335859088262,0
37.3326829268293,10,1,38.1686236191574,0.835940692328144,9.99327015752649,0.00672984247351316,0
36.9992682926829,10,0,34.7591781062036,0,9.99268440461372,0,1
13.3326829268293,16,0,NaN,0,NaN,0,0
12.7992195121951,16,0,NaN,0,NaN,0,0
12.265756097561,16,0,NaN,0,NaN,0,0
11.7322926829268,16,0,NaN,0,NaN,0,0
11.1988292682927,16,0,NaN,0,NaN,0,0
42.6658536585366,20,1,40.8519471117645,1.81390654677208,19.9872207606303,0.012779239369749,0
41.9990243902439,20,1,41.8564357744317,0.142588615812237,19.9880170540237,0.0119829459763459,0
41.3321951219512,20,0,39.0391965160353,0,19.9881765053489,0,1
40.6653658536585,20,1,40.3474987475282,0.317867106130322,19.9883042395944,0.0116957604055798,0
39.9985365853659,20,1,40.7367601684271,0.738223583061242,19.9804835751137,0.0195164248862767,0
120,0,1,120.996828885449,0.996828885448863,0.00315273063744575,0.00315273063744575,0
120,0,1,120.949052661512,0.949052661512326,-0.0183181603159223,0.0183181603159223,0
120,0,1,121.01160629062,1.01160629061954,-0.00621247122550911,0.00621247122550911,0
120,0,1,120.914322284708,0.914322284708049,-0.00890418619364251,0.00890418619364251,0
120,0,1,120.824679114162,0.824679114162109,0.00030742793423495,0.00030742793423495,0
56.1659756097561,17,1,56.9812701397996,0.815294530043467,17.0008632194008,0.000863219400830673,0
55.5991707317073,17,1,54.1620973574274,1.4370733742799,17.00170684016,0.00170684015995803,0
55.0323658536585,17,1,55.0670930899359,0.0347272362773623,17.0053488037381,0.00534880373808022,0
54.4655609756098,17,1,55.6064176589408,1.14085668333102,16.993450498855,0.0065495011450345,0
53.898756097561,17,1,53.2673318929569,0.631424204604095,17.0013320074828,0.00133200748282292,0
137.165487804878,29,0,134.514074201928,0,29.0045088609879,0,1
136.198585365854,29,1,136.066857103244,0.131728262609869,29.0184644299248,0.0184644299248475,0
135.231682926829,29,1,134.251899995266,0.979782931563591,29.0016560134808,0.00165601348079036,0
134.264780487805,29,1,132.301171308249,1.96360917955599,28.9973799287394,0.00262007126060482,0
133.29787804878,29,1,133.040814442353,0.257063606427266,28.9945092441521,0.00549075584785896,0
115.167926829268,-31,1,113.82170481934,1.34622200992878,-30.9997184894046,0.000281510595392831,0
116.201512195122,-31,1,116.388181145471,0.186668950349002,-30.9852594699735,0.0147405300265184,0
117.235097560976,-31,1,118.170814276156,0.93571671518022,-30.9855390391083,0.0144609608917499,0
118.268682926829,-31,0,120.275904979308,0,-30.99394802256,0,1
119.302268292683,-31,1,119.116247539623,0.186020753059879,-31.0079261838949,0.00792618389486321,0
45.1659756097561,17,1,44.6111750043217,0.554800605434394,17.0019615338244,0.00196153382436393,0
44.5991707317073,17,1,45.1370008921831,0.537830160475771,17.000316942577,0.000316942577004653,0
44.0323658536585,17,1,42.637971308322,1.39439454533655,17.0023882405812,0.00238824058115839,0
43.4655609756098,17,1,43.1956803822388,0.269880593370964,17.0023163587021,0.00231635870210312,0
42.898756097561,17,1,44.519233043472,1.62047694591104,17.0032535802771,0.00325358027714984,0
86.3336585365854,-8,1,87.9159965729405,1.58233803635517,-8.00713478954423,0.00713478954422975,0
86.6003902439024,-8,1,87.7577241823845,1.15733393848205,-8.00997069481689,0.00997069481689117,0
86.8671219512195,-8,1,87.4266261206677,0.559504169448147,-8.01658166509863,0.0165816650986326,0
87.1338536585366,-8,1,87.2135618455153,0.0797081869787633,-8.01478600076393,0.0147860007639338,0
87.4005853658537,-8,1,86.8227428838963,0.577842481957376,-8.00855971325251,0.00855971325251126,0
111.16743902439,-19,1,112.885421782539,1.71798275814912,-19.014932313084,0.014932313083996,0
111.800926829268,-19,1,111.79811410333,0.00281272593808524,-19.0056036906423,0.00560369064231381,0
112.434414634146,-19,0,114.828667012889,0,-19.0117687283171,0,1
113.067902439024,-19,1,113.549471130611,0.481568691586517,-19.0015080876316,0.00150808763163468,0
113.701390243902,-19,1,112.781768672109,0.919621571793911,-19.0062054848997,0.00620548489968087,0
88.3343902439024,-26,1,89.1882308303716,0.853840586469175,-25.9839316090818,0.0160683909181891,0
89.2012682926829,-26,0,91.7271969764794,0,-26.0090985555137,0,1
90.0681463414634,-26,1,90.2046625122888,0.136516170825345,-25.9891899507458,0.0108100492542178,0
90.9350243902439,-26,1,92.3037507815824,1.3687263913385,-25.9881459707495,0.0118540292504719,0
91.8019024390244,-26,1,91.3688554101527,0.433047028871641,-25.9815771837501,0.0184228162499238,0
13.9990243902439,24,0,NaN,0,NaN,0,0
13.1988292682927,24,0,NaN,0,NaN,0,0
12.3986341463415,24,0,NaN,0,NaN,0,0
11.5984390243902,24,0,NaN,0,NaN,0,0
10.798243902439,24,0,NaN,0,NaN,0,0
96.3321951219512,28,1,94.3740931622043,1.95810195974688,28.0090310867885,0.00903108678850018,0
95.3986341463415,28,1,95.9280702809203,0.529436134578816,28.0204726493183,0.0204726493183145,0
94.4650731707317,28,1,93.8009641772972,0.664108993434553,28.0143481986746,0.0143481986746252,0
93.5315121951219,28,1,91.63003104258,1.90148115254193,28.004718092421,0.00471809242097976,0
92.5979512195122,28,1,92.5619084864139,0.0360427330983129,28.012551288311,0.0125512883109735,0
112.834268292683,-23,1,113.796371264863,0.962102972180503,-23.0035197439809,0.00351974398089183,0
113.60112195122,-23,1,112.926907666171,0.674214285048279,-23.0267881412026,0.0267881412025659,0
114.367975609756,-23,1,115.289806644308,0.921831034552255,-23.0138528567862,0.013852856786233,0
115.134829268293,-23,1,113.848677009427,1.28615225886553,-23.0054209005647,0.00542090056469746,0
115.901682926829,-23,1,116.610151763227,0.708468836397955,-23.0202370814358,0.0202370814358162,0
121.16743902439,-19,0,123.593909132471,0,-19.0006545920937,0,1
121.800926829268,-19,1,122.154786250386,0.353859421117491,-18.9972205485578,0.00277945144222258,0
122.434414634146,-19,1,121.55403225563,0.880382378516771,-19.0137996520767,0.0137996520767274,0
123.067902439024,-19,1,123.961051337996,0.893148898971617,-19.0094197774846,0.00941977748455614,0
123.701390243902,-19,1,123.147939663452,0.553450580450033,-18.9904357297053,0.00956427029474227,0
40.4996341463415,9,1,40.5997353562224,0.100101209880947,9.0096609239473,0.00966092394730467,0
40.1995609756098,9,1,40.9529792827494,0.75341830713969,9.00730861599265,0.0073086159926472,0
39.899487804878,9,1,38.5681960448474,1.33129176003062,9.00498592443863,0.00498592443863188,0
39.5994146341463,9,1,38.4981540774945,1.10126055665182,9.00783442902819,0.00783442902819154,0
39.2993414634146,9,1,38.8264337987072,0.472907664707435,9.0088775573237,0.00887755732369833,0
146.834512195122,-29,1,146.785253914847,0.0492582802745574,-29.0087042193727,0.00870421937269228,0
147.801414634146,-29,1,148.56446662608,0.763051991933764,-29.007324420666,0.00732442066599148,0
148.768317073171,-29,1,150.641958504754,1.87364143158356,-29.0148386145999,0.0148386145999169,0
149.735219512195,-29,1,149.547195524527,0.188023987667634,-29.0046526547865,0.00465265478646515,0
150.70212195122,-29,1,151.638133643136,0.936011691916093,-29.007670233211,0.00767023321099458,0
136.166219512195,11,1,136.500811330022,0.334591817826805,10.9873248050691,0.0126751949308552,0
135.799463414634,11,1,137.095504254977,1.29604084034327,10.9775437570976,0.0224562429024235,0
135.432707317073,11,1,134.188790915771,1.24391640130227,11.0030990013794,0.00309900137940211,0
135.065951219512,11,1,134.658406000659,0.407545218853528,10.9845794661969,0.0154205338031339,0
134.699195121951,11,1,134.953599968982,0.254404847030287,10.987828582759,0.012171417240987,0
38.5001219512195,-3,1,40.4104129054499,1.91029095423036,-3.02124795592269,0.0212479559226857,0
38.6001463414634,-3,1,40.1924847554247,1.59233841396125,-3.0181556239923,0.0181556239922958,0
38.7001707317073,-3,1,39.9461517605876,1.24598102888024,-3.01279610776963,0.0127961077696321,0
38.8001951219512,-3,1,39.6851321174362,0.884936995484971,-3.0156734646837,0.015673464683704,0
38.9002195121951,-3,1,39.4411199007898,0.540900388594686,-3.01436359624567,0.0143635962456701,0
64.4986585365854,33,0,62.227128422208,0,33.008486886303,0,1
63.3983902439024,33,1,64.0760380207641,0.677647776861662,33.0074106077551,0.00741060775506241,0
62.2981219512195,33,1,61.9748906125255,0.323231338694008,33.0080510407737,0.008051040773708,0
61.1978536585366,33,1,60.0995305162919,1.09832314224472,33.0126960453484,0.0126960453483704,0
60.0975853658537,33,0,58.0208589026321,0,33.0066494220943,0,1
117.833292682927,1,1,117.177852829906,0.65543985302125,0.998604816546926,0.0013951834530741,0
117.799951219512,1,1,117.256682251646,0.543268967866538,0.97895976246267,0.0210402375373295,0
117.766609756098,1,1,117.381711239695,0.38489851640297,0.985386838403949,0.0146131615960513,0
117.733268292683,1,1,117.350801641112,0.382466651571292,0.986738615528371,0.0132613844716287,0
117.699926829268,1,1,117.427165739959,0.272761089309697,0.989179687188606,0.0108203128113943,0
51.5001219512195,-3,1,53.375773008924,1.87565105770449,-3.01259683605734,0.0125968360573365,0
51.6001463414634,-3,1,53.3363737208185,1.73622737935506,-3.02247489507469,0.0224748950746863,0
51.7001707317073,-3,1,53.1590056746588,1.45883494295143,-3.01983343016273,0.0198334301627305,0
51.8001951219512,-3,1,52.9468210091046,1.14662588715343,-3.0147833469405,0.0147833469405012,0
51.9002195121951,-3,1,52.789619507498,0.88939999530286,-3.01530429887856,0.015304298878561,0
61.8325609756098,19,1,62.7544760750364,0.921915099426606,18.9968210278458,0.00317897215423457,0
61.1990731707317,19,1,60.2726013002686,0.926471870463118,19.0035560163572,0.00355601635716596,0
60.5655853658537,19,1,61.1952923790515,0.629707013197809,19.0029028120007,0.00290281200068065,0
59.9320975609756,19,1,58.5385772647141,1.39352029626151,19.0010900461634,0.0010900461634229,0
59.2986097560976,19,1,59.4803463062327,0.181736550135113,19.0046791399953,0.00467913999528236,0
43.000243902439,-6,1,44.4801568180124,1.47991291557339,-5.98419303414473,0.0158069658552717,0
43.2002926829268,-6,1,44.0275639697682,0.827271286841373,-5.98506337420321,0.0149366257967944,0
43.4003414634146,-6,1,43.6540353501506,0.253693886735974,-5.98498129574563,0.0150187042543735,0
43.6003902439024,-6,1,43.4375281260461,0.162862117856349,-5.98498079044965,0.0150192095503536,0
43.8004390243902,-6,1,43.2012863622303,0.599152662159987,-5.98375318212884,0.0162468178711634,0
17.6653658536585,32,0,20.3306550381765,0,32.0032597022574,0,1
16.5984390243902,32,1,18.4393284285689,1.84088940417862,32.0136337238012,0.0136337238012274,0
15.531512195122,32,0,NaN,0,NaN,0,0
14.4645853658537,32,0,NaN,0,NaN,0,0
13.3976585365854,32,0,NaN,0,NaN,0,0
69.9987804878049,30,1,68.73348694923,1.26529353857488,29.9836913373021,0.0163086626978668,0
68.9985365853659,30,0,66.4748344487126,0,29.975732092091,0,1
67.9982926829268,30,1,68.0477408167383,0.0494481338114667,29.9819058938318,0.0180941061682169,0
66.9980487804878,30,1,66.0995193841985,0.898529396289319,29.9829830248588,0.0170169751411962,0
65.9978048780488,30,0,63.9421167248852,0,29.9827343955308,0,1
12.8318292682927,37,0,NaN,0,NaN,0,0
11.5981951219512,37,0,NaN,0,NaN,0,0
10.3645609756098,37,0,NaN,0,NaN,0,0
9.13092682926829,37,0,NaN,0,NaN,0,0
7.89729268292683,37,0,NaN,0,NaN,0,0
77.8335365853658,-5,1,79.1459146930917,1.31237810772585,-4.99885784932945,0.00114215067054513,0
78.000243902439,-5,1,78.8931550378497,0.892911135410657,-4.99947151538601,0.000528484613986357,0
78.1669512195122,-5,1,78.7120767242319,0.545125504719692,-4.99937949679747,0.000620503202532596,0
78.3336585365854,-5,1,78.5545889455863,0.220930409000914,-4.99714318362866,0.00285681637134427,0
78.5003658536585,-5,1,78.3417790920975,0.158586761561054,-4.99295915474001,0.0070408452599855,0
95.6653658536585,32,1,95.2957433416452,0.369622512013365,32.0144205992889,0.0144205992888757,0
94.5984390243902,32,1,93.6069048870155,0.991534137374757,32.0153561832986,0.0153561832986355,0
93.5315121951219,32,1,91.539312360341,1.99219983478093,31.9960117330805,0.0039882669195066,0
92.4645853658537,32,1,92.8182341710456,0.353648805191924,32.0069046615838,0.0069046615837749,0
91.3976585365854,32,1,90.824573517297,0.573085019288328,32.0167202615025,0.0167202615025417,0
89.0007317073171,-18,1,87.9149296296687,1.08580207764837,-18.0147465455095,0.0147465455095492,0
89.6008780487805,-18,1,90.469747987005,0.868869938224478,-18.0147365398296,0.0147365398296344,0
90.2010243902439,-18,1,89.9115198548498,0.28950453539413,-18.0134989045749,0.0134989045748881,0
90.8011707317073,-18,1,92.3975179587906,1.59634722708324,-18.0073506432266,0.00735064322663703,0
91.4013170731707,-18,1,91.7679562890041,0.366639215833402,-18.0144029627078,0.0144029627077593,0
86.4993902439024,15,1,87.7311737562641,1.23178351236167,14.9993079955402,0.000692004459805773,0
85.9992682926829,15,1,85.0247728798304,0.974495412852548,14.9929757630383,0.00702423696172261,0
85.4991463414634,15,1,85.4903234375125,0.00882290395090024,14.9898955463769,0.0101044536230965,0
84.9990243902439,15,1,85.9634700472507,0.964445657006749,14.9834709506418,0.0165290493581569,0
84.4989024390244,15,1,83.5026481947205,0.996254244303842,14.9888834597091,0.0111165402908799,0
111.834024390244,-17,1,111.76133562373,0.0726887665139486,-16.9963139012976,0.00368609870242409,0
112.400829268293,-17,0,114.892176699163,0,-16.9789409858941,0,1
112.967634146341,-17,1,113.567483506433,0.599849360091753,-16.9888076033547,0.0111923966452991,0
113.53443902439,-17,1,113.011528289502,0.522910734887944,-17.0113149237022,0.0113149237022192,0
114.101243902439,-17,1,115.618708446234,1.51746454379517,-17.0095518143138,0.00955181431382357,0
140.833292682927,1,1,140.735396552633,0.0978961302936341,0.979598257912462,0.0204017420875383,0
140.799951219512,1,1,140.7063457006,0.0936055189118292,0.992529086176308,0.00747091382369214,0
140.766609756098,1,1,140.868365897612,0.101756141514642,0.971825264233246,0.0281747357667537,0
140.733268292683,1,1,140.819080319767,0.0858120270840743,0.983490385499702,0.0165096145002976,0
140.699926829268,1,1,140.876258825724,0.176331996455843,0.993582550039561,0.00641744996043903,0
65,0,1,65.7031703810657,0.703170381065746,0.00192929235780793,0.00192929235780793,0
65,0,1,65.7161956326556,0.716195632655555,0.000887953787884862,0.000887953787884862,0
65,0,1,65.697442043032,0.697442043032012,4.67864514725717e-05,4.67864514725717e-05,0
65,0,1,65.6902211153995,0.690221115399467,0.00163633200190356,0.00163633200190356,0
65,0,1,65.727565785732,0.72756578573204,-0.00388856611592535,0.00388856611592535,0
59.1669512195122,-7,1,59.9386458408174,0.77169462130518,-6.99314636193359,0.00685363806641082,0
59.4003414634146,-7,1,59.7298470591182,0.329505595703559,-6.99357372079036,0.0064262792096379,0
59.6337317073171,-7,1,59.5537128137756,0.0800188935414567,-6.99384720438625,0.00615279561374837,0
59.8671219512195,-7,1,59.2500349500477,0.617087001171846,-6.9891220710724,0.0108779289276004,0
60.100512195122,-7,1,58.461536355454,1.63897583966794,-6.99099498076891,0.00900501923109154,0
113.500609756098,-15,1,113.106215798046,0.39439395805195,-14.9887074992093,0.0112925007906739,0
114.000731707317,-15,1,115.754785223738,1.75405351642046,-14.9929086872766,0.00709131272342667,0
114.500853658537,-15,1,115.095852986788,0.594999328251674,-14.9887016324827,0.0112983675173073,0
115.000975609756,-15,1,114.257981966877,0.742993642879512,-14.9919890595089,0.00801094049112727,0
115.501097560976,-15,1,117.188945163125,1.68784760214915,-14.9960636743197,0.00393632568028757,0
112.498658536585,33,0,109.56994826312,0,33.0373948730888,0,1
111.398390243902,33,1,111.553605057131,0.155214813228781,33.0158288338174,0.015828833817416,0
110.29812195122,33,1,109.580962408533,0.717159542686886,33.0148616380316,0.0148616380316398,0
109.197853658537,33,1,107.787269271395,1.41058438714205,33.0196941006921,0.0196941006920852,0
108.097585365854,33,0,105.475309936584,0,33.0175863954886,0,1
125.000731707317,-18,1,124.6862837069,0.314448000416732,-18.0110036552832,0.0110036552831616,0
125.60087804878,-18,1,127.543440399711,1.94256235093007,-18.0289240002565,0.0289240002565059,0
126.201024390244,-18,1,126.469062494463,0.268038104219215,-18.0214913884669,0.0214913884669308,0
126.801170731707,-18,1,125.792629511893,1.00854121981386,-17.9779598131258,0.022040186874225,0
127.401317073171,-18,1,128.325199839175,0.923882766004709,-18.0201446771577,0.0201446771577096,0
112.834512195122,-29,1,113.839701622231,1.0051894271089,-28.9969066955158,0.00309330448419587,0
113.801414634146,-29,0,116.269933007303,0,-29.0153170430785,0,1
114.768317073171,-29,1,115.074786741082,0.306469667911259,-28.9931324477901,0.0068675522098971,0
115.735219512195,-29,1,116.926343660992,1.19112414879652,-28.9893551100608,0.0106448899391687,0
116.70212195122,-29,0,119.697818891605,0,-28.9909735996358,0,1
46.3319512195122,34,1,45.9230182844908,0.408932935021362,33.9922012386285,0.00779876137153224,0
45.1983414634146,34,1,44.3324871854251,0.86585427798957,33.9946978521067,0.0053021478933033,0
44.0647317073171,34,1,42.4273496998599,1.63738200745713,33.9928008572005,0.0071991427995215,0
42.9311219512195,34,1,44.1648314401443,1.23370948892475,33.9943044331001,0.00569556689992368,0
41.797512195122,34,1,41.9421493474648,0.14463715234281,33.9935631905918,0.00643680940824964,0
37.1657317073171,23,1,38.3659930451312,1.20026133781408,23.0094788559739,0.0094788559739456,0
36.3988780487805,23,1,35.8952698175878,0.5036082311927,23.0129609815832,0.0129609815832481,0
35.6320243902439,23,1,36.2905720456135,0.658547655369553,23.0028726378836,0.00287263788360903,0
34.8651707317073,23,1,34.3626532075029,0.50251752420445,23.0137557464273,0.0137557464273392,0
34.0983170731707,23,0,32.056810450573,0,23.0112455978092,0,1
53.9992682926829,18,1,53.1639924280453,0.835275864637623,18.0159537585723,0.0159537585722838,0
53.3991219512195,18,1,53.6777335365939,0.278611585374371,18.0129583986358,0.0129583986358313,0
52.7989756097561,18,1,51.1912775190076,1.6076980907485,18.0143440553771,0.0143440553770589,0
52.1988292682927,18,1,51.8489899250299,0.349839343262779,18.014675950545,0.0146759505449872,0
51.5986829268293,18,1,53.2349213623911,1.63623843556188,18.0194181595357,0.0194181595356611,0
42.3334146341463,-2,1,41.8935970446991,0.439817589447202,-1.98747346098005,0.0125265390199549,0
42.4000975609756,-2,1,41.7460595566203,0.6540380043553,-1.98950697655993,0.0104930234400711,0
42.4667804878049,-2,1,41.5667338153626,0.900046672442272,-1.98957778024876,0.0104222197512416,0
42.5334634146341,-2,1,41.4082953055397,1.1251681090944,-1.98435178253725,0.0156482174627521,0
42.6001463414634,-2,1,41.2130396930347,1.38710664842876,-1.98951017742084,0.0104898225791574,0
90.4991463414634,21,1,88.9958234378438,1.50332290361966,20.966656940304,0.0333430596960085,0
89.7989756097561,21,1,89.7724509102,0.0265246995560915,20.9872405504199,0.01275944958007,0
89.0988048780488,21,1,87.4811349501754,1.61766992787338,20.9836007748303,0.016399225169657,0
88.3986341463415,21,1,88.1278505068772,0.27078363946427,20.9884578159095,0.0115421840904588,0
87.6984634146341,21,0,85.6435963092779,0,20.9812143577544,0,1
21.3346341463415,-32,1,22.8494272380277,1.51479309168623,-32.0133782580966,0.0133782580965587,0
22.4015609756098,-32,0,25.2220047715223,0,-32.0120807578443,0,1
23.468487804878,-32,1,23.4318906294732,0.036597175404804,-32.0105917115843,0.0105917115842686,0
24.5354146341463,-32,1,25.382842682628,0.847428048481639,-32.0132087515855,0.0132087515854593,0
25.6023414634146,-32,1,27.3705309026925,1.76818943927787,-32.0127189024054,0.0127189024053749,0
101.667073170732,-10,1,101.611370484543,0.0557026861889369,-9.99473413823664,0.0052658617633643,0
102.000487804878,-10,1,100.982179874882,1.01830792999613,-9.99301541813734,0.0069845818626586,0
102.333902439024,-10,0,104.372651047766,0,-9.9924086806947,0,1
102.667317073171,-10,1,103.380923561268,0.713606488097014,-9.99816629122225,0.00183370877775069,0
103.000731707317,-10,1,103.076955190722,0.0762234834048456,-9.99589957485836,0.00410042514163678,0
117.167926829268,-31,1,118.195582357862,1.02765552859348,-31.0020873312997,0.00208733129966987,0
118.201512195122,-31,0,120.552607276156,0,-30.9709965458381,0,1
119.235097560976,-31,1,119.303714477849,0.0686169168735944,-30.9931436283483,0.00685637165172892,0
120.268682926829,-31,1,121.047892409722,0.779209482892242,-30.9876181069833,0.0123818930166912,0
121.302268292683,-31,1,123.089133743946,1.78686545126345,-30.9839464108279,0.016053589172131,0
142.334146341463,-20,1,142.517161673634,0.183015332170925,-19.9875815892776,0.012418410722379,0
143.000975609756,-20,0,145.070252066772,0,-19.9736901754758,0,1
143.667804878049,-20,1,143.764282957954,0.0964780799048128,-19.9796324142323,0.0203675857677403,0
144.334634146341,-20,0,147.043361024385,0,-19.944385076925,0,1
145.001463414634,-20,1,145.564235944663,0.562772530029179,-19.9773647745997,0.0226352254002897,0
10.3339024390244,-14,0,NaN,0,NaN,0,0
10.8006829268293,-14,0,NaN,0,NaN,0,0
11.2674634146341,-14,0,NaN,0,NaN,0,0
11.734243902439,-14,0,NaN,0,NaN,0,0
12.2010243902439,-14,0,NaN,0,NaN,0,0
27.6678048780488,-28,1,27.8889131773606,0.22110829931178,-28.0114097432033,0.0114097432032523,0
28.6013658536585,-28,1,29.9329224450252,1.33155659136671,-28.0112026433693,0.0112026433693053,0
29.5349268292683,-28,1,28.4763560793529,1.05857074991541,-28.0110544088219,0.0110544088219235,0
30.468487804878,-28,1,30.8606926088073,0.392204803929285,-28.0127741751833,0.0127741751832566,0
31.4020487804878,-28,1,32.8687836406699,1.46673486018212,-28.0070533794604,0.00705337946042306,0
124.833048780488,7,1,124.489897391175,0.343151389312681,6.98542056220102,0.0145794377989779,0
124.599658536585,7,1,124.719596876395,0.119938339809906,6.99004216173284,0.00995783826715879,0
124.366268292683,7,1,125.17173433284,0.805466040156929,7.01166184785551,0.0116618478555077,0
124.13287804878,7,1,126.05038141282,1.91750336403943,7.00113463009122,0.0011346300912205,0
123.899487804878,7,1,122.238312200882,1.6611756039956,7.00184061981695,0.00184061981694938,0
111.334390243902,-26,1,112.62684930027,1.29245905636751,-25.9902028748241,0.00979712517592546,0
112.201268292683,-26,1,111.25520467087,0.946063621813138,-25.9622495551663,0.037750444833744,0
113.068146341463,-26,1,113.62730862188,0.559162280416359,-25.9856850847246,0.0143149152754312,0
113.935024390244,-26,1,115.905994993309,1.97097060306542,-25.981517501275,0.0184824987249677,0
114.801902439024,-26,1,114.905028848257,0.103126409232701,-25.9972560473529,0.00274395264705518,0
9.99926829268293,18,0,NaN,0,NaN,0,0
9.39912195121951,18,0,NaN,0,NaN,0,0
8.7989756097561,18,0,NaN,0,NaN,0,0
8.19882926829268,18,0,NaN,0,NaN,0,0
7.59868292682927,18,0,NaN,0,NaN,0,0
80.9985365853659,36,0,NaN,0,NaN,0,0
79.798243902439,36,0,NaN,0,NaN,0,0
78.5979512195122,36,0,NaN,0,NaN,0,0
77.3976585365854,36,0,NaN,0,NaN,0,0
76.1973658536585,36,0,NaN,0,NaN,0,0
12.9987804878049,30,0,NaN,0,NaN,0,0
11.9985365853659,30,0,NaN,0,NaN,0,0
10.9982926829268,30,0,NaN,0,NaN,0,0
9.9980487804878,30,0,NaN,0,NaN,0,0
8.99780487804878,30,0,NaN,0,NaN,0,0
18.4986585365854,33,1,18.9504122232692,0.451753686683869,33.0084874530449,0.00848745304487153,0
17.3983902439024,33,0,20.3306550381765,0,33.0111487467205,0,1
16.2981219512195,33,0,NaN,0,NaN,0,0
15.1978536585366,33,0,NaN,0,NaN,0,0
14.0975853658537,33,0,NaN,0,NaN,0,0
4.16548780487805,29,0,NaN,0,NaN,0,0
3.19858536585366,29,0,NaN,0,NaN,0,0
2.23168292682927,29,0,NaN,0,NaN,0,0
1.26478048780488,29,0,NaN,0,NaN,0,0
0.297878048780486,29,0,102.901912242027,0,28.983092618417,0,1
110.999512195122,12,0,108.911508809336,0,12.0156292018799,0,1
110.599414634146,12,1,109.546010793681,1.05340384046578,12.0103552379165,0.0103552379164622,0
110.199317073171,12,1,110.104186426477,0.0951306466933346,11.9958966941096,0.0041033058904496,0
109.799219512195,12,1,110.957262954558,1.15804344236302,12.0026443171376,0.00264431713759983,0
109.39912195122,12,1,107.630222854877,1.76889909634292,12.0176227532412,0.0176227532412323,0
29.000243902439,-6,1,29.2191847979816,0.218940895542588,-5.98437036109862,0.0156296389013795,0
29.2002926829268,-6,1,28.9674467661547,0.23284591677216,-5.98406982380503,0.0159301761949715,0
29.4003414634146,-6,1,28.5401819394964,0.860159523918206,-5.98467441625642,0.0153255837435786,0
29.6003902439024,-6,1,28.1086932980036,1.49169694589881,-5.98501708759054,0.0149829124094589,0
29.8004390243902,-6,1,31.7265321554407,1.92609313105049,-5.98322404298415,0.0167759570158514,0
108.499390243902,15,1,108.990113721031,0.490723477128839,14.9886135647839,0.0113864352161333,0
107.999268292683,15,1,106.560311047402,1.43895724528073,14.9843641952314,0.0156358047686496,0
107.499146341463,15,1,107.008907162841,0.490239178622758,14.9916713203225,0.0083286796775397,0
106.999024390244,15,1,107.528574718721,0.529550328476887,14.9959562963442,0.00404370365575701,0
106.498902439024,15,1,104.743527588931,1.7553748500938,14.9965292049173,0.0034707950827233,0
112.332926829268,10,1,110.781807310683,1.55111951858565,9.99989030132187,0.000109698678132375,0
111.999512195122,10,1,111.28761189916,0.711900295961485,9.99492473718965,0.00507526281035098,0
111.666097560976,10,1,111.519880085045,0.146217475930314,9.99207445554024,0.00792554445975746,0
111.332682926829,10,1,111.938037362504,0.605354435675153,9.99584607733325,0.00415392266675418,0
110.999268292683,10,1,109.14314616972,1.85612212296328,9.99369322608535,0.00630677391465007,0
9.50012195121951,-3,0,NaN,0,NaN,0,0
9.60014634146341,-3,0,NaN,0,NaN,0,0
9.70017073170732,-3,0,NaN,0,NaN,0,0
9.80019512195122,-3,0,NaN,0,NaN,0,0
9.90021951219512,-3,0,NaN,0,NaN,0,0
95.3334146341463,-2,1,96.3249009087495,0.991486274603162,-1.98479074153249,0.0152092584675128,0
95.4000975609756,-2,1,96.2627143384002,0.862616777424549,-1.98249396783012,0.0175060321698786,0
95.4667804878049,-2,1,96.1876007726758,0.720820284870911,-1.98638391842621,0.0136160815737862,0
95.5334634146341,-2,1,96.0607289235347,0.527265508900513,-1.97776944173051,0.0222305582694906,0
95.6001463414634,-2,1,96.0572846541146,0.457138312651196,-1.99254494822923,0.0074550517707741,0
44.6653658536585,32,1,44.9185826688665,0.253216815207999,32.0096613403158,0.009661340315823,0
43.5984390243902,32,1,42.9051324031701,0.693306621220103,32.0137490329928,0.0137490329928127,0
42.5315121951219,32,1,40.9359076098894,1.59560458523253,32.011530912339,0.0115309123390404,0
41.4645853658537,32,1,42.7021341016956,1.23754873584191,32.0086541389887,0.00865413898866052,0
40.3976585365854,32,1,40.4634638782144,0.0658053416290656,32.0133168264247,0.0133168264247203,0
108.166707317073,-1,1,109.542405052759,1.37569773568619,-0.983490720918442,0.016509279081558,0
108.200048780488,-1,1,109.596734555496,1.39668577500854,-0.976811344330154,0.0231886556698456,0
108.233390243902,-1,1,109.484557216338,1.25116697243575,-0.966602115042584,0.0333978849574159,0
108.266731707317,-1,1,109.525173907084,1.25844219976727,-0.994439246535482,0.00556075346451812,0
108.300073170732,-1,1,109.471380861622,1.17130769089076,-0.98883228810774,0.0111677118922595,0
22.8342682926829,-23,1,23.8881370684489,1.05386877576599,-23.0124415429564,0.0124415429563669,0
23.6011219512195,-23,1,23.1730890031737,0.428032948045843,-23.0106155964272,0.0106155964271828,0
24.3679756097561,-23,1,25.4124660587437,1.04449044898761,-23.0134811124261,0.0134811124261063,0
25.1348292682927,-23,1,24.197463304386,0.937365963906668,-23.0127767914807,0.0127767914806931,0
25.9016829268293,-23,1,26.6396920575329,0.73800913070367,-23.0129106455462,0.0129106455461816,0
41.4991463414634,21,1,42.6839531921774,1.18480685071401,20.9815276798567,0.0184723201432853,0
40.7989756097561,21,1,40.2287732169321,0.570202392823973,20.982537215909,0.0174627840909523,0
40.0988048780488,21,1,40.8777891202223,0.778984242173493,20.9811671625213,0.0188328374787297,0
39.3986341463415,21,1,38.6031709216274,0.795463224714091,20.9835169437067,0.0164830562932714,0
38.6984634146341,21,1,39.3663881683213,0.667924753687196,20.975441416239,0.0245585837610314,0
112.832804878049,13,1,113.432043039121,0.599238161071881,13.0170377580227,0.0170377580226635,0
112.399365853659,13,1,110.496241933128,1.90312392053085,13.041028952535,0.0410289525349796,0
111.965926829268,13,1,111.252332480713,0.713594348555191,13.0120556811852,0.012055681185247,0
111.532487804878,13,1,111.622472578898,0.089984774019598,13.0252869607443,0.0252869607442623,0
111.099048780488,13,1,112.691906980116,1.59285819962807,13.0397571947504,0.0397571947504165,0
17.6658536585366,20,0,20.3306550381765,0,19.9845617915081,0,1
16.9990243902439,20,1,18.1905860867895,1.19156169654558,19.9887783702208,0.0112216297791754,0
16.3321951219512,20,0,NaN,0,NaN,0,0
15.6653658536585,20,0,20.3306550381765,0,19.9906323646692,0,1
14.9985365853659,20,0,NaN,0,NaN,0,0
45.8318292682927,37,0,NaN,0,NaN,0,0
44.5981951219512,37,0,NaN,0,NaN,0,0
43.3645609756098,37,0,NaN,0,NaN,0,0
42.1309268292683,37,0,NaN,0,NaN,0,0
40.8972926829268,37,0,NaN,0,NaN,0,0
108.334634146341,-32,1,109.766492176152,1.43185802981095,-32.0046458978254,0.00464589782537672,0
109.40156097561,-32,1,108.605579033992,0.795981941618024,-31.9751160446415,0.0248839553584652,0
110.468487804878,-32,1,110.653837948193,0.185350143315446,-32.0115592461238,0.0115592461238023,0
111.535414634146,-32,1,112.451277353144,0.915862718997516,-32.0083924829449,0.00839248294489892,0
112.602341463415,-32,1,114.32673295508,1.7243914916652,-32.0110765598854,0.0110765598854101,0
86.3339024390244,-14,1,87.9659329010931,1.63203046206876,-14.0006543698135,0.00065436981351219,0
86.8006829268293,-14,1,87.58539658342,0.784713656590753,-14.0086401970994,0.00864019709942632,0
87.2674634146342,-14,1,87.1508924557679,0.11657095886622,-14.0027172585552,0.00271725855517779,0
87.734243902439,-14,0,89.8836295263754,0,-14.0079856813326,0,1
88.2010243902439,-14,1,89.1402157955084,0.939191405264523,-14.0061966987469,0.00619669874688,0
33.1676829268293,-25,1,34.0301177074007,0.862434780571441,-24.9853089964601,0.0146910035398804,0
34.0012195121951,-25,1,32.5362421680701,1.46497734412507,-24.9862682570124,0.013731742987602,0
34.834756097561,-25,1,35.1667744866575,0.332018389096483,-24.986500314201,0.0134996857990188,0
35.6682926829268,-25,1,37.4526994964846,1.78440681355773,-24.9869052614286,0.0130947385714428,0
36.5018292682927,-25,1,36.3940797460797,0.10774952221297,-24.985339662994,0.0146603370059957,0
30.5013414634146,-33,1,30.9351200224059,0.433778558991232,-33.0098219798691,0.00982197986912325,0
31.6016097560976,-33,1,32.6436838766363,1.04207412053876,-33.0080324221322,0.00803242213220301,0
32.7018780487805,-33,1,34.629669790189,1.92779174140849,-33.0022648129603,0.00226481296025582,0
33.8021463414634,-33,1,33.3280069222904,0.474139419173007,-33.0000886728474,8.86728473687981e-05,0
34.9024146341463,-33,1,35.2580831404238,0.355668506277475,-33.010429152158,0.0104291521579611,0
12.3324390243902,22,0,NaN,0,NaN,0,0
11.5989268292683,22,0,NaN,0,NaN,0,0
10.8654146341463,22,0,NaN,0,NaN,0,0
10.1319024390244,22,0,NaN,0,NaN,0,0
9.39839024390244,22,0,NaN,0,NaN,0,0
22.5010975609756,-27,0,24.7850915115871,0,-27.0104498220658,0,1
23.4013170731707,-27,1,23.4590402484295,0.0577231752587792,-27.0100632762896,0.0100632762896353,0
24.3015365853659,-27,1,25.5347295111279,1.23319292576209,-27.0108340709981,0.0108340709981007,0
25.201756097561,-27,1,24.0427856776152,1.15897041994573,-27.0106439282995,0.0106439282994586,0
26.1019756097561,-27,1,26.482816088323,0.380840478566878,-27.0119356871658,0.0119356871658347,0
116.165975609756,17,1,115.664122075301,0.501853534454739,17.0101808795444,0.0101808795444391,0
115.599170731707,17,1,116.346676457945,0.747505726237321,17.0069841026766,0.00698410267655802,0
115.032365853659,17,1,113.761109231191,1.27125662246745,17.0101665674441,0.0101665674441236,0
114.46556097561,17,1,114.495355179734,0.0297942041238457,17.0053651835102,0.00536518351023574,0
113.898756097561,17,0,111.449626914369,0,16.9862865218663,0,1
29.3334146341463,-2,1,28.6111210416284,0.722293592517982,-1.98748596872183,0.0125140312781731,0
29.4000975609756,-2,1,28.4766458572931,0.92345170368252,-1.98726894857459,0.0127310514254102,0
29.4667804878049,-2,1,28.3423262742831,1.12445421352183,-1.98824434941435,0.0117556505856518,0
29.5334634146341,-2,1,28.200933697626,1.33252971700817,-1.9876769505114,0.0123230494886035,0
29.6001463414634,-2,1,28.0716559966566,1.52849034480681,-1.98763538099532,0.0123646190046822,0
104.165731707317,23,1,104.548293418505,0.382561711187606,23.0116401602492,0.0116401602491791,0
103.39887804878,23,1,102.280202822278,1.11867522650272,23.0149257229697,0.014925722969739,0
102.632024390244,23,1,103.140779793434,0.508755403189753,23.0190212825799,0.0190212825799421,0
101.865170731707,23,1,100.752814476434,1.11235625527296,23.0170021345118,0.0170021345118023,0
101.098317073171,23,1,102.014609211199,0.91629213802787,23.0175258365482,0.0175258365481561,0
111.501097560976,-27,1,112.296362307716,0.795264746740116,-27.0162088171271,0.0162088171271435,0
112.401317073171,-27,0,115.060566562078,0,-26.9879215083267,0,1
113.301536585366,-27,1,113.43901722068,0.137480635314162,-27.0108833009154,0.0108833009153706,0
114.201756097561,-27,1,115.528498010379,1.32674191281843,-27.0082443669577,0.00824436695766906,0
115.101975609756,-27,1,114.05303146346,1.04894414629645,-27.0134593061342,0.013459306134223,0
138.167926829268,-31,1,137.700309176093,0.467617653174813,-30.9725362650596,0.0274637349404223,0
139.201512195122,-31,1,139.715214651541,0.513702456418713,-30.9902283524439,0.00977164755611781,0
140.235097560976,-31,1,141.887840100311,1.65274253933543,-30.9979424881785,0.00205751182154046,0
141.268682926829,-31,1,140.373882801288,0.894800125540996,-30.9830145333298,0.0169854666702456,0
142.302268292683,-31,1,142.679907244763,0.377638952079991,-30.9899885231144,0.0100114768856407,0
49.3319512195122,34,1,48.8622056047763,0.469745614735878,33.9942089386458,0.00579106135419494,0
48.1983414634146,34,1,47.0382197443009,1.16012171911377,33.9948525850967,0.0051474149032984,0
47.0647317073171,34,0,44.9828671363915,0,33.9918150559286,0,1
45.9311219512195,34,1,46.8194260456137,0.888304094394222,33.993407641694,0.00659235830599414,0
44.797512195122,34,1,44.7132232830193,0.0842889121026431,33.9942185249311,0.00578147506887206,0
138.000975609756,-24,1,138.163214068017,0.162238458260987,-24.0008971406168,0.000897140616846315,0
138.801170731707,-24,1,140.38126564391,1.5800949122025,-24.0206241400416,0.020624140041626,0
139.601365853659,-24,1,139.183805162974,0.417560690684752,-23.9789712257813,0.0210287742187134,0
140.40156097561,-24,1,141.367079860614,0.965518885003974,-24.0014700719279,0.00147007192785864,0
141.201756097561,-24,1,140.469118038088,0.732638059472663,-24.0076718535667,0.00767185356671973,0
54.4998780487805,3,1,55.8420474988668,1.34216945008629,3.0116272046426,0.0116272046425956,0
54.3998536585366,3,1,54.7068922388778,0.307038580341207,3.01840922069596,0.0184092206959594,0
54.2998292682927,3,1,52.9675579761036,1.33227129218909,3.01746786122352,0.0174678612235186,0
54.1998048780488,3,1,53.0307768945403,1.16902798350847,3.01731842986806,0.0173184298680562,0
54.0997804878049,3,1,53.1997854926908,0.899994995114071,3.01333250510647,0.0133325051064701,0
113.665609756098,26,1,111.995145545931,1.67046421016654,25.9822988737052,0.0177011262947993,0
112.798731707317,26,1,113.277960360386,0.4792286530692,25.9724806664766,0.027519333523383,0
111.931853658537,26,1,111.145835673233,0.786017985303488,25.9836662336882,0.0163337663118028,0
111.064975609756,26,0,108.824750625267,0,25.9865485600748,0,1
110.198097560976,26,1,109.767578688673,0.430518872303054,25.9864603893252,0.0135396106748047,0
19.0009756097561,-24,1,19.1419677984244,0.140992188668285,-24.0007311927392,0.000731192739156228,0
19.8011707317073,-24,1,21.3441956586498,1.54302492694253,-23.999474873852,0.000525126147980615,0
20.6013658536585,-24,1,20.3849896856129,0.216376168045674,-23.9976176094591,0.00238239054089817,0
21.4015609756098,-24,1,22.5396166105708,1.13805563496106,-24.0007613910793,0.000761391079308282,0
22.201756097561,-24,1,21.4791749239662,0.722581173594744,-23.9991137341485,0.000886265851523405,0
57.6673170731707,-16,1,58.5714907005923,0.904173627421578,-15.9837964552115,0.0162035447884925,0
58.2007804878049,-16,1,58.0271726381586,0.173607849646274,-15.9829535256628,0.017046474337171,0
58.734243902439,-16,1,60.2329541627441,1.49871026030504,-15.9675609926166,0.0324390073833793,0
59.2677073170732,-16,1,59.9396648627847,0.671957545711507,-15.9815731071643,0.0184268928357199,0
59.8011707317073,-16,1,59.4786474626092,0.32252326909812,-15.9831403102317,0.016859689768312,0
