Range (m),Velocity (m/s),Detected,Estimated Range (m),Error Range (m),Estimated Velocity (m/s),Error Velocity (m),False Positives
98.166830547221,-31,1,98.2668891693033,0.100058622082287,-30.9549963564949,0.0450036435051402,0
99.2001966566652,-31,1,99.232005790474,0.0318091338087498,-30.9498693792536,0.050130620746426,0
100.233562766109,-31,1,100.437955935511,0.204393169401513,-30.8883700848579,0.111629915142082,0
101.266928875554,-31,1,101.45082803765,0.183899162096651,-30.9557654201021,0.044234579897946,0
102.300294984998,-31,1,102.406387841765,0.106092856767205,-30.9477593411048,0.0522406588952222,0
16.3333756250893,-8,1,16.4514558145162,0.118080189426884,-7.97509469132314,0.0249053086768649,0
16.6000507501072,-8,1,16.5304316425022,0.0696191076049395,-7.98987041048528,0.0101295895147171,0
16.866725875125,-8,1,16.8365954474928,0.0301304276321943,-7.98160683837614,0.0183931616238615,0
17.1334010001429,-8,1,17.1286740945468,0.0047269055960939,-8.00484941557014,0.00484941557013663,0
17.4000761251607,-8,1,17.4197939916076,0.019717866446836,-8.00873438521463,0.00873438521463044,0
86.1666085155022,11,1,86.0600517970156,0.106556718486658,10.9518218475952,0.0481781524048106,0
85.7999302186027,11,1,85.8342800697812,0.0343498511785896,10.9641423735199,0.0358576264800625,0
85.4332519217031,11,1,85.3626665564943,0.0705853652088422,10.9589057442943,0.0410942557056675,0
85.0665736248035,11,1,85.1189601723541,0.0523865475505545,10.9634624096178,0.0365375903822063,0
84.699895327904,11,1,84.6381150801136,0.061780247790395,10.9703151236694,0.0296848763305828,0
76.8333280468638,1,1,76.814051002457,0.0192770444068486,1.00744101956605,0.00744101956605325,0
76.7999936562366,1,1,76.8390150152308,0.0390213589941624,1.00933137384818,0.00933137384817795,0
76.7666592656094,1,1,76.8617268077918,0.0950675421824627,1.01662222720881,0.0166222272088064,0
76.7333248749821,1,1,76.651521755081,0.0818031199011529,1.01015767422726,0.0101576742272642,0
76.6999904843549,1,1,76.6515532642621,0.048437220092822,1.01184462551558,0.0118446255155815,0
93.6667829689956,-22,1,93.7357156819922,0.0689327129965989,-21.7836069695694,0.216393030430627,0
94.4001395627947,-22,1,94.536289898559,0.136150335764285,-21.7878589862667,0.212141013733323,0
95.1334961565938,-22,1,95.2823392624828,0.148843105889014,-21.9242782178831,0.0757217821169185,0
95.8668527503929,-22,1,95.9749664470757,0.108113696682807,-21.9406955034184,0.0593044965816247,0
96.600209344192,-22,1,96.7039613649385,0.103752020746512,-21.9613885731444,0.0386114268555815,0
104.333312187455,4,1,104.422789970172,0.0894777827167275,3.96821560641991,0.0317843935800859,0
104.199974624946,4,1,104.264909554775,0.0649349298287092,3.97064649037178,0.0293535096282245,0
104.066637062437,4,1,104.101790370814,0.0351533083765645,3.97488389782044,0.0251161021795556,0
103.933299499929,4,1,103.954610142728,0.0213106427995911,3.97269142169121,0.0273085783087894,0
103.79996193742,4,1,103.811220998003,0.0112590605828871,3.98267834250162,0.0173216574983841,0
95.1666085155022,11,1,95.0462495244249,0.120358991077367,10.941100051163,0.0588999488369968,0
94.7999302186027,11,1,94.8247476046964,0.0248173860937158,10.9818722063592,0.0181277936408311,0
94.4332519217031,11,1,94.3509957112751,0.0822562104280138,10.9508597437657,0.0491402562343222,0
94.0665736248035,11,1,94.1291995598182,0.062625935014637,10.9802331565262,0.0197668434737537,0
93.699895327904,11,1,93.630431999225,0.0694633286790349,10.9785359160245,0.0214640839754718,0
18.6667512501786,-16,1,18.7233084013949,0.0565571512163174,-15.9729782155477,0.0270217844523035,0
19.2001015002143,-16,1,19.2999382801512,0.0998367799368651,-15.9407516423052,0.0592483576948197,0
19.73345175025,-16,1,19.8260171782185,0.0925654279684345,-15.8778971088183,0.122102891181695,0
20.2668020002858,-16,1,20.3028298008954,0.0360278006096664,-15.9246560670895,0.0753439329104832,0
20.8001522503215,-16,1,20.8682645664568,0.0681123161353199,-15.9664663855393,0.0335336144606782,0
71.6667195313616,-10,1,71.6924370649777,0.0257175336160884,-9.96307277384151,0.036927226158495,0
72.0000634376339,-10,1,72.0070617474251,0.00699830979114324,-9.89402843540827,0.105971564591732,0
72.3334073439063,-10,1,72.4129339626571,0.0795266187508474,-9.96496488964194,0.0350351103580593,0
72.6667512501786,-10,1,72.6701022380381,0.00335098785953392,-9.97425209208228,0.0257479079177152,0
73.0000951564509,-10,1,73.0206228885662,0.0205277321152693,-9.86313259474553,0.136867405254472,0
123.33315359337,34,1,123.129271419044,0.203882174326125,33.9436325472318,0.0563674527681712,0
122.199784312045,34,1,122.034361999979,0.165422312065388,33.9031030993073,0.0968969006926841,0
121.066415030719,34,1,120.899662946578,0.16675208414064,33.8034024912479,0.196597508752127,0
119.933045749393,34,1,119.744698544521,0.188347204871306,33.8605023258669,0.139497674133118,0
118.799676468067,34,1,118.628276202136,0.171400265930686,33.7784902514711,0.221509748528923,0
91.9998096870982,36,1,91.8853126289752,0.114497058122964,35.8452530265533,0.154746973446713,0
90.7997716245178,36,1,90.596713580795,0.203058043722791,35.9032435134827,0.0967564865173358,0
89.5997335619374,36,1,89.4807080942618,0.119025467675669,35.9336482903669,0.0663517096331105,0
88.3996954993571,36,1,88.226290941832,0.17340455752506,35.7792204238809,0.220779576119142,0
87.1996574367767,36,1,87.0299389743559,0.169718462420803,35.9260168316823,0.0739831683177457,0
109.499888984141,21,1,109.413921957714,0.0859670264267152,20.7718112730513,0.228188726948694,0
108.799866780969,21,1,108.754098864646,0.0457679163229869,20.8706490669645,0.12935093303555,0
108.099844577797,21,1,108.113361016928,0.0135164391316067,20.9744314192261,0.0255685807739141,0
107.399822374625,21,1,107.361046696245,0.0387756783798068,20.9606205295342,0.0393794704657893,0
106.699800171453,21,1,106.632696361285,0.0671038101683195,20.9909907414569,0.00900925854310941,0
87.999968281183,6,1,87.9200120121469,0.0799562690360887,5.99013766959904,0.00986233040095552,0
87.7999619374196,6,1,87.8144817681314,0.0145198307118051,5.9778573072801,0.0221426927199015,0
87.5999555936562,6,1,87.4503403068058,0.14961528685042,5.97494861727111,0.0250513827288872,0
87.3999492498928,6,1,87.3702053003355,0.0297439495573144,5.99096875307683,0.00903124692317103,0
87.1999429061295,6,1,87.3015624837015,0.101619577572023,5.98977505114583,0.0102249488541721,0
93.1664816402343,35,1,93.0296723535173,0.136809286716996,34.8543575684269,0.145642431573116,0
91.9997779682812,35,1,91.8728399734876,0.126937994793551,34.8321789238128,0.167821076187231,0
90.833074296328,35,1,90.6784376622484,0.154636634079651,34.7870386461254,0.212961353874569,0
89.6663706243749,35,1,89.4840376092906,0.182333015084296,34.8317352583097,0.168264741690265,0
88.4996669524218,35,1,88.3180301991366,0.181636753285218,34.9429007130286,0.0570992869713862,0
95.3333121874553,4,1,95.4294104420474,0.0960982545920359,3.97357323137831,0.0264267686216884,0
95.1999746249464,4,1,95.2674088103189,0.0674341853724485,3.98002556096891,0.0199744390310923,0
95.0666370624375,4,1,95.0986119380062,0.0319748755687357,3.97134634637003,0.0286536536299731,0
94.9332994999286,4,1,94.9578043259897,0.0245048260610901,3.9707787354061,0.0292212645939003,0
94.7999619374196,4,1,94.8197201096759,0.0197581722562887,3.97640223472903,0.0235977652709658,0
68.0001268752679,-24,1,68.1526199783452,0.152493103077319,-23.9076852532101,0.0923147467899312,0
68.8001522503215,-24,1,68.8270382437561,0.026885993434675,-23.9504480279458,0.0495519720541822,0
69.6001776253751,-24,1,69.7273226194923,0.127144994117245,-23.9601433733901,0.0398566266099358,0
70.4002030004286,-24,1,70.5726042238652,0.172401223436538,-23.9125436833571,0.0874563166428679,0
71.2002283754822,-24,1,71.281747527762,0.081519152279796,-23.9454149781477,0.0545850218522865,0
125.333375625089,-8,1,125.380149597416,0.0467739723264202,-8.01501730512432,0.0150173051243208,0
125.600050750107,-8,1,125.680932358487,0.080881608380011,-8.00979549169718,0.00979549169718474,0
125.866725875125,-8,1,125.986295443921,0.119569568796138,-8.00430056190569,0.00430056190569239,0
126.133401000143,-8,1,126.317556958941,0.18415595879857,-7.99597822968549,0.0040217703145089,0
126.400076125161,-8,1,126.330817081832,0.0692590433287563,-7.97408076009602,0.0259192399039785,0
134.166513359051,29,1,134.022712169966,0.143801189085394,28.9381383332472,0.0618616667527618,0
133.199816030862,29,1,133.006641482134,0.193174548727171,28.8844198106695,0.115580189330466,0
132.233118702672,29,1,132.158338480434,0.0747802222382177,28.8061989165193,0.193801083480714,0
131.266421374482,29,1,131.194437531364,0.0719838431180619,28.9293048367851,0.0706951632149426,0
130.299724046292,29,1,130.178318306049,0.121405740243176,28.957449964703,0.0425500352969657,0
36,0,1,35.9673571579395,0.0326428420605112,-0.000801769457849995,0.000801769457849995,0
36,0,1,35.9676993816557,0.0323006183442658,6.69112087689389e-05,6.69112087689389e-05,0
36,0,1,35.9671825387931,0.0328174612069247,0.000355864392469981,0.000355864392469981,0
36,0,1,35.9670552337894,0.0329447662105977,0.000131443512714987,0.000131443512714987,0
36,0,1,35.967545698641,0.0324543013590173,-0.000449387452642157,0.000449387452642157,0
47.6665609372768,20,1,47.5634037771236,0.103157160153174,19.8193072081318,0.180692791868225,0
46.9998731247321,20,1,46.9566842664206,0.0431888583115239,19.960690177461,0.0393098225390318,0
46.3331853121875,20,1,46.2221680195235,0.111017292663938,19.9783508663828,0.0216491336172382,0
45.6664974996428,20,1,45.5705815087673,0.0959159908755183,19.7891490975156,0.21085090248442,0
44.9998096870982,20,1,44.96943363256,0.0303760545381593,19.9750150549754,0.0249849450246238,0
33.5001110158594,-21,1,33.5897266672792,0.0896156514198196,-20.9825660947343,0.0174339052657437,0
34.2001332190313,-21,1,24.3794851181099,0.0982554246294143,34.7740538693267,0.0194950479342069,1
34.9001554222032,-21,1,35.0464561695843,0.146300747381147,-20.9910472800085,0.00895271999151959,0
35.6001776253751,-21,1,35.7647287461019,0.164551120726841,-20.9634485770963,0.0365514229036847,0
36.3001998285469,-21,1,36.4202516082902,0.120051779743285,-20.863443869944,0.136556130056,0
17.1667988284041,-25,1,17.338857747119,0.172058918714907,-24.9404355424222,0.0595644575778422,0
18.0001585940849,-25,1,18.1651298435698,0.164971249484903,-24.881780649091,0.118219350908959,0
18.8335183597657,-25,1,18.8689090144315,0.0353906546658642,-24.9150281617786,0.0849718382214029,0
19.6668781254465,-25,1,19.7183823348116,0.0515042093650955,-24.9521651267215,0.0478348732785498,0
20.5002378911273,-25,1,20.5857683862269,0.0855304950995652,-24.9611532480136,0.0388467519864442,0
110.33315359337,34,1,110.142557520303,0.19059607306761,33.9826651275062,0.0173348724938052,0
109.199784312045,34,1,109.000216604551,0.19956770749387,33.9499664249836,0.0500335750164282,0
108.066415030719,34,1,107.904974318206,0.161440712512317,33.8833639264491,0.1166360735509,0
106.933045749393,34,1,106.766364157066,0.166681592326498,33.784327225656,0.215672774343965,0
105.799676468067,34,1,105.608002926538,0.191673541529042,33.8669458805876,0.133054119412449,0
74.3334390627232,-20,1,74.423949460326,0.0905103976027988,-19.9861679890301,0.0138320109699386,0
75.0001268752679,-20,1,75.1720016652087,0.171874789940773,-19.9541906133665,0.0458093866334863,0
75.6668146878125,-20,1,75.6391693145239,0.0276453732886779,-19.9814741908374,0.0185258091625542,0
76.3335025003572,-20,1,76.4250743720902,0.0915718717329668,-19.9880452337467,0.0119547662533499,0
77.0001903129019,-20,1,77.172227342767,0.172037029865194,-19.9245941103791,0.0754058896209422,0
11.1667036719531,-7,1,11.1242369965602,0.0424666753929497,-6.98526063030748,0.0147393696925162,0
11.4000444063438,-7,1,11.4264535443787,0.0264091380349516,-6.99931559536789,0.000684404632105284,0
11.6333851407344,-7,1,11.7537468178891,0.120361677154706,-6.9872899256479,0.0127100743521007,0
11.866725875125,-7,1,11.8232216399281,0.0435042351969148,-6.99865762946517,0.00134237053482611,0
12.1000666095156,-7,1,12.1697446129561,0.0696780034404192,-7.0011600078398,0.0011600078398013,0
65.9998731247321,24,1,65.9434638184849,0.0564093062472182,23.9448607620292,0.0551392379707565,0
65.1998477496785,24,1,65.0659778671772,0.13386988250133,23.941609259861,0.0583907401390249,0
64.3998223746249,24,1,64.371736067777,0.0280863068479675,23.9239126123191,0.076087387680893,0
63.5997969995714,24,1,63.5051520899562,0.094644909615198,23.9521391740489,0.0478608259511297,0
62.7997716245178,24,1,62.6122019687211,0.187569655796651,23.9475004674913,0.052499532508687,0
81.6665292184598,26,1,81.5519848394819,0.114544378977925,25.7518963258123,0.248103674187661,0
80.7998350621517,26,1,80.5613228791505,0.238512183001291,25.9486871338285,0.051312866171493,0
79.9331409058437,26,1,79.7115267213231,0.221614184520575,25.9731501481447,0.0268498518553102,0
79.0664467495356,26,1,78.8633586282185,0.203088121317109,25.9672316958305,0.0327683041694762,0
78.1997525932276,26,1,78.0271978631271,0.172554730100472,25.9735430987982,0.0264569012018399,0
60.9999365623661,12,1,60.9599066864227,0.0400298759433895,11.9788056845257,0.0211943154743484,0
60.5999238748393,12,1,60.5006328089592,0.0992910658800525,11.9626328377709,0.0373671622290903,0
60.1999111873125,12,1,60.0393639190657,0.160547268246731,11.9662743204957,0.0337256795042631,0
59.7998984997857,12,1,59.8443928186614,0.0444943188756852,11.9079797999199,0.0920202000800892,0
59.3998858122589,12,1,59.3894309051615,0.0104549070974045,11.963223330901,0.0367766690989946,0
34.8332328904129,19,1,34.8495307467364,0.0162978563235328,18.9538009991549,0.0461990008450535,0
34.1998794684955,19,1,34.069842943573,0.130036524922517,18.9753434541268,0.0246565458732384,0
33.5665260465781,19,1,33.5630266007552,0.00349944582284678,18.972803371526,0.0271966284739662,0
32.9331726246607,19,1,32.7754167751246,0.157755849536059,18.9610732746757,0.0389267253243482,0
32.2998192027433,19,1,32.2627190245263,0.0371001782169813,18.9797571383341,0.0202428616659063,0
112.333407343906,-14,1,112.393342767492,0.0599354235854008,-14.0006837478349,0.000683747834910875,0
112.800088812688,-14,1,112.78109655858,0.018992254107701,-13.976672247825,0.0233277521749855,0
113.266770281469,-14,1,113.46596977703,0.199199495561558,-13.9721090523134,0.0278909476866076,0
113.73345175025,-14,1,113.848029115576,0.114577365325687,-14.0019986835237,0.00199868352366828,0
114.200133219031,-14,1,114.228756813508,0.0286235944768407,-14.0013054572131,0.00130545721305531,0
16.5000792970424,-15,1,16.6116523994427,0.111573102400293,-15.0008679372333,0.000867937233309135,0
17.0000951564509,-15,1,16.9525047567682,0.0475903996826794,-14.9750469125811,0.0249530874188775,0
17.5001110158594,-15,1,17.5946689808378,0.0945579649784136,-14.9827204740504,0.017279525949581,0
18.0001268752679,-15,1,18.013765011192,0.0136381359241042,-14.9374860641875,0.0625139358125395,0
18.5001427346764,-15,1,18.6103431410257,0.1102004063493,-14.9936060807707,0.00639391922928922,0
132.833454922132,-23,1,132.98288132782,0.149426405687962,-22.9131637819056,0.0868362180944366,0
133.600145906558,-23,1,133.664249550325,0.0641036437664582,-22.9683833674328,0.0316166325672036,0
134.366836890984,-23,1,134.542377648254,0.175540757269545,-22.8108958296502,0.189104170349847,0
135.133527875411,-23,1,135.280109314123,0.146581438711735,-22.9640017258393,0.0359982741607467,0
135.900218859837,-23,1,135.965328420332,0.0651095604953866,-22.9308217390155,0.0691782609844758,0
143.500174453493,-33,1,143.677800520485,0.177626066991905,-32.8667062935563,0.133293706443659,0
144.600209344192,-33,1,144.67133358884,0.0711242446483311,-32.7692995037742,0.230700496225793,0
145.700244234891,-33,1,145.824467294345,0.124223059453868,-32.9793429941795,0.0206570058205386,0
146.800279125589,-33,1,146.928775014591,0.128495889001186,-32.8295283026593,0.170471697340723,0
147.900314016288,-33,1,148.050450130285,0.150136113997178,-32.7130411380451,0.286958861954851,0
61.6665926560937,14,1,61.6917263371211,0.0251336810273983,13.956201413132,0.0437985868679647,0
61.1999111873125,14,1,61.0366070752009,0.163304112111547,13.97564453195,0.0243554680500235,0
60.7332297185312,14,1,60.6361138192957,0.0971158992354901,13.9994839448068,0.000516055193189757,0
60.26654824975,14,1,60.2422341929878,0.0243140567621722,13.9840411305081,0.0159588694919037,0
59.7998667809687,14,1,59.7602133661443,0.039653414824393,13.8375051006957,0.162494899304283,0
133.166830547221,-31,1,133.226046072408,0.0592155251866302,-30.9437400779846,0.0562599220153785,0
134.200196656665,-31,1,134.418572425957,0.21837576929164,-30.8477372574217,0.152262742578287,0
135.233562766109,-31,1,135.432531842767,0.198969076657221,-30.8922295022848,0.107770497715212,0
136.266928875554,-31,1,136.405470308606,0.138541433052808,-30.9525435858671,0.0474564141329381,0
137.300294984998,-31,1,137.37559265678,0.075297671781783,-30.9095717259667,0.0904282740332931,0
37.6667195313616,-10,1,37.7036224857602,0.0369029543985491,-9.97562137794392,0.0243786220560782,0
38.0000634376339,-10,1,37.960624131736,0.0394393058979077,-9.96286699588349,0.0371330041165141,0
38.3334073439063,-10,1,38.4568600494355,0.123452705529182,-9.96920358062261,0.030796419377392,0
38.6667512501786,-10,1,38.7186731959619,0.0519219457833273,-9.97489946182277,0.0251005381772309,0
39.0000951564509,-10,1,38.9772689178538,0.0228262385971263,-9.94419697169097,0.0558030283090307,0
11.3331853121875,28,1,11.226796698219,0.106388613968461,27.8823434122302,0.117656587769769,0
10.3998223746249,28,1,10.2554934547853,0.144328919839618,27.8584073551098,0.141592644890238,0
9.46645943706244,28,1,9.38077310594362,0.0856863311188167,27.9235244707571,0.0764755292428703,0
8.53309649949993,28,1,8.37757921164163,0.155517287858299,27.9240885806913,0.0759114193087207,0
7.59973356193742,28,1,7.50153725684583,0.0981963050915891,27.8551691379209,0.144830862079143,0
23.1665450778683,23,1,23.106040786936,0.0605042909322506,22.9396046821368,0.0603953178632359,0
22.3998540934419,23,1,22.2709083057312,0.128945787710695,22.8380981594139,0.161901840586083,0
21.6331631090156,23,1,21.5194622825473,0.1137008264683,22.9519757690616,0.0480242309383954,0
20.8664721245892,23,1,20.8028814767993,0.0635906477899333,22.8909843432672,0.109015656732797,0
20.0997811401629,23,1,19.9422691140394,0.157512026123459,22.9140012687374,0.0859987312625776,0
135.500111015859,-21,1,135.555688982267,0.0555779664073555,-20.8178659875228,0.182134012477224,0
136.200133219031,-21,1,136.189190520504,0.0109426985277423,-20.9652635242088,0.0347364757912203,0
136.900155422203,-21,1,136.908200412011,0.00804498980807011,-20.9966611929248,0.00333880707517409,0
137.600177625375,-21,1,137.663904625747,0.0637270003723813,-20.9718414523041,0.0281585476958952,0
138.300199828547,-21,1,138.368876996194,0.0686771676469675,-21.0059609248594,0.00596092485938016,0
111.666687812545,-4,1,111.625065128582,0.0416226839625722,-3.98585505572071,0.0141449442792863,0
111.800025375054,-4,1,111.783106118507,0.0169192565466858,-3.97521431073107,0.0247856892689273,0
111.933362937563,-4,1,111.949099975738,0.015737038175871,-3.98544704785405,0.0145529521459502,0
112.066700500071,-4,1,112.09454309865,0.0278425985784594,-3.97274733062788,0.0272526693721202,0
112.20003806258,-4,1,112.231677377812,0.0316393152316721,-3.97743919111269,0.0225608088873059,0
35.8334866409487,-29,1,35.9743076834412,0.140821042492448,-28.7922053618504,0.207794638149593,0
36.8001839691384,-29,1,36.8756156052761,0.0754316361376368,-28.9088861033602,0.0911138966398219,0
37.7668812973282,-29,1,37.8859381012734,0.119056803945192,-28.9308322476175,0.0691677523824765,0
38.7335786255179,-29,1,38.8944939246897,0.160915299171762,-28.9387516060203,0.0612483939796604,0
39.7002759537077,-29,1,39.8565918250003,0.156315871292648,-28.8230002441114,0.176999755888577,0
42.833169452779,31,1,42.6323073875849,0.200862065194102,30.8857201533882,0.114279846611772,0
41.7998033433348,31,1,41.6209716759891,0.178831667345676,30.948988336476,0.0510116635240294,0
40.7664372338906,31,1,40.6571380720422,0.109299161848334,30.9454237811231,0.0545762188768713,0
39.7330711244464,31,1,39.6480392620372,0.0850318624091955,30.8847448065899,0.115255193410125,0
38.6997050150021,31,1,38.5260878669845,0.173617148017641,30.8116889540725,0.188311045927513,0
145.666782968996,-22,1,145.815012138925,0.148229169929266,-21.8862719624339,0.113728037566091,0
146.400139562795,-22,1,146.5170737815,0.116934218705808,-21.9400294671138,0.059970532886247,0
147.133496156594,-22,1,147.267570702339,0.134074545745591,-21.9862915692522,0.0137084307478155,0
147.866852750393,-22,1,147.963152826504,0.096300076111504,-21.9683256312301,0.0316743687698988,0
148.600209344192,-22,1,148.629405603887,0.0291962596954249,-21.973112353524,0.0268876464759629,0
102.499857265324,27,1,102.358869606454,0.140987658869179,26.8171954802466,0.182804519753425,0
101.599828718388,27,1,101.472288312514,0.127540405874143,26.9696790475295,0.0303209524704968,0
100.699800171453,27,1,100.648478014416,0.0513221570372338,26.9532097555262,0.046790244473808,0
99.7997716245178,27,1,99.6567997203074,0.14297190421037,26.8336044558872,0.166395544112842,0
98.8997430775825,27,1,98.7284842327458,0.171258844836672,26.970020417359,0.029979582640987,0
128.166545077868,23,1,128.02008332947,0.146461748398593,22.9444510496736,0.0555489503264006,0
127.399854093442,23,1,127.343663858743,0.0561902346991303,22.9640256417462,0.0359743582538457,0
126.633163109016,23,1,126.5009973835,0.13216572551579,22.7911142408398,0.208885759160236,0
125.866472124589,23,1,125.738099455367,0.128372669221832,22.9713498615047,0.0286501384953048,0
125.099781140163,23,1,125.056126578416,0.0436545617471324,22.9329869307859,0.0670130692140951,0
79.1665767966852,17,1,79.049027029251,0.117549767434255,16.9607455803788,0.0392544196212334,0
78.5998921560223,17,1,78.4959791759346,0.103912980087685,16.9360844296968,0.0639155703031733,0
78.0332075153593,17,1,77.9224328393071,0.110774676052202,16.9504389668792,0.0495610331207708,0
77.4665228746964,17,1,77.3309734307451,0.135549443951277,16.9566890698993,0.0433109301006915,0
76.8998382340334,17,1,76.7638047154162,0.136033518617268,16.9623393830669,0.0376606169331275,0
110.166830547221,-31,1,110.264273640962,0.0974430937407931,-30.9244438536855,0.0755561463144545,0
111.200196656665,-31,1,111.230567551255,0.030370894590007,-30.9373701967959,0.0626298032041284,0
112.233562766109,-31,1,112.436017814203,0.20245504809391,-30.8863098168186,0.113690183181351,0
113.266928875554,-31,1,113.436353674774,0.169424799220835,-30.9461998632165,0.0538001367834582,0
114.300294984998,-31,1,114.390826587457,0.0905316024588672,-30.9566850823027,0.0433149176973053,0
101.166640234319,5,1,101.081777440501,0.0848627938181039,4.94305885117231,0.056941148827689,0
100.999968281183,5,1,100.88900547052,0.110962810662699,4.9769482325672,0.023051767432797,0
100.833296328047,5,1,100.796943177236,0.03635315081128,4.97751875348392,0.0224812465160822,0
100.666624374911,5,1,100.649460282841,0.0171640920698621,4.97650613765753,0.023493862342475,0
100.499952421775,5,1,100.531543879539,0.0315914577642076,4.9782189142413,0.0217810857586951,0
130.833232890413,19,1,130.772799932661,0.0604329577515159,18.9831627629152,0.0168372370847614,0
130.199879468496,19,1,130.189132058538,0.0107474099571618,18.8577325350537,0.1422674649463,0
129.566526046578,19,1,129.470758299812,0.0957677467660858,18.9699850223574,0.0300149776426295,0
128.933172624661,19,1,128.94101368643,0.00784106176911337,18.9334100932359,0.0665899067640758,0
128.299819202743,19,1,128.155635625831,0.144183576912326,18.9691087464895,0.0308912535104646,0
123.000063437634,-12,1,123.129674118446,0.129610680812036,-11.9646201338936,0.035379866106382,0
123.400076125161,-12,1,123.504695040684,0.104618915522849,-11.9433040445871,0.0566959554128559,0
123.800088812688,-12,1,123.769594337166,0.0304944755212091,-11.967246678656,0.0327533213440407,0
124.200101500214,-12,1,124.218827424311,0.0187259240968416,-11.9782584605006,0.0217415394993647,0
124.600114187741,-12,1,124.662502190395,0.0623880026534209,-11.9769770978174,0.0230229021825572,0
122.166513359051,29,1,122.031962925977,0.134550433074267,28.9375242387633,0.0624757612367297,0
121.199816030862,29,1,121.017131075368,0.182684955493698,28.9192306399868,0.0807693600132033,0
120.233118702672,29,1,120.121324417875,0.111794284796531,28.7649523247055,0.235047675294474,0
119.266421374482,29,1,119.188193330028,0.078228044453752,28.9609934594724,0.0390065405276481,0
118.299724046292,29,1,118.176269525382,0.123454520910414,28.9543517356831,0.0456482643168563,0
72.3331853121875,28,1,72.1826584952105,0.150526816976907,27.9578455948738,0.0421544051261762,0
71.3998223746249,28,1,71.2920412331513,0.107781141473609,27.7740879995949,0.225912000405053,0
70.4664594370624,28,1,70.3469033020807,0.119556134981721,27.9547311006394,0.0452688993605932,0
69.5330964994999,28,1,69.3970976107916,0.135998888708343,27.7800709161619,0.219929083838057,0
68.5997335619374,28,1,68.5082789795332,0.0914545824041966,27.9600363157383,0.0399636842617284,0
139.000126875268,-24,1,139.103650365805,0.103523490537327,-23.9631170067519,0.0368829932480566,0
139.800152250321,-24,1,140.003058215799,0.202905965477129,-23.9147510413705,0.0852489586295455,0
140.600177625375,-24,1,140.668473968789,0.0682963434136639,-23.9512851758496,0.0487148241504016,0
141.400203000429,-24,1,141.541709564011,0.141506563581885,-23.9541261318033,0.0458738681967397,0
142.200228375482,-24,1,142.190637130055,0.00959124542748668,-23.9511803466062,0.0488196533937959,0
94.6667829689956,-22,1,94.7240213072701,0.0572383382745585,-21.8696826274481,0.130317372551872,0
95.4001395627947,-22,1,95.5205234055519,0.120383842757249,-21.824019740251,0.175980259748957,0
96.1334961565938,-22,1,96.3209705395243,0.187474382930546,-21.9721070064968,0.0278929935031869,0
96.8668527503929,-22,1,97.0048581101915,0.138005359798584,-21.9777747396036,0.0222252603963966,0
97.600209344192,-22,1,97.6789961899057,0.0787868457137222,-21.9727034691924,0.0272965308076003,0
35.5001110158594,-21,1,35.5714238969933,0.0713128811338706,-20.9864499907733,0.0135500092267158,0
36.2001332190313,-21,1,36.311985448258,0.111852229226692,-20.986112877484,0.013887122515964,0
36.9001554222032,-21,1,37.0371943686573,0.13703894645414,-20.9825782775244,0.0174217224756177,0
37.6001776253751,-21,1,176.62693990906,0.151149439255057,37.2595153698662,0.0657148612175078,1
38.3001998285469,-21,1,38.5093105960006,0.209110767453652,-20.968860832585,0.0311391674149633,0
135.833391484498,-11,1,135.963587490881,0.130196006383159,-10.9108743141395,0.0891256858604965,0
136.200069781397,-11,1,136.208464011254,0.00839422985688998,-10.9836719537683,0.016328046231683,0
136.566748078297,-11,1,136.679466353534,0.112718275237455,-10.9447554318409,0.0552445681590612,0
136.933426375196,-11,1,136.902110276119,0.0313160990777703,-10.9653055246542,0.0346944753458036,0
137.300104672096,-11,1,137.392630800733,0.0925261286373598,-10.9701093230435,0.0298906769564535,0
107.499857265324,27,1,107.264924690393,0.234932574930227,26.8970794232352,0.102920576764774,0
106.599828718388,27,1,106.453608752322,0.146219966066013,26.9830230189295,0.0169769810705205,0
105.699800171453,27,1,105.646738339873,0.0530618315795977,26.9222478687573,0.0777521312427112,0
104.799771624518,27,1,104.677799476991,0.121972147526321,26.7379418972992,0.262058102700845,0
103.899743077583,27,1,103.721061656376,0.17868142120625,26.9788410850999,0.0211589149000595,0
114.333280468638,10,1,114.369475128158,0.0361946595191682,9.91556420203239,0.0844357979676111,0
113.999936562366,10,1,113.902526225575,0.0974103367913557,9.94978070120694,0.0502192987930634,0
113.666592656094,10,1,113.662297116804,0.00429553928960047,9.96856415161131,0.0314358483886892,0
113.333248749821,10,1,113.381782551789,0.0485338019678494,10.016482081864,0.016482081864023,0
112.999904843549,10,1,112.88529958426,0.114605259289391,9.97059262453151,0.0294073754684874,0
115.500142734676,-27,1,115.609203892975,0.109061158298815,-26.7337134530432,0.266286546956838,0
116.400171281612,-27,1,116.567551662623,0.167380381011796,-26.935995499154,0.0640045008460355,0
117.300199828547,-27,1,117.388743638317,0.0885438097703144,-26.9813369894117,0.0186630105883481,0
118.200228375482,-27,1,118.192600722786,0.00762765269656995,-26.9252109864227,0.074789013577309,0
119.100256922417,-27,1,119.307869011185,0.207612088767746,-26.8992978384131,0.100702161586902,0
52.000031718817,-6,1,51.9564664648466,0.0435652539703923,-5.97288226843128,0.0271177315687225,0
52.2000380625804,-6,1,52.2880156767833,0.0879776142029414,-5.97586756800185,0.0241324319981544,0
52.4000444063438,-6,1,52.4102067152769,0.0101623089331184,-5.98908844371941,0.0109115562805924,0
52.6000507501072,-6,1,52.6341067632366,0.0340560131294652,-5.94933833250797,0.0506616674920251,0
52.8000570938705,-6,1,52.8553757024254,0.0553186085548205,-5.98816464569183,0.0118353543081744,0
139.166576796685,17,1,139.001550963199,0.165025833485998,16.9764603818531,0.0235396181469198,0
138.599892156022,17,1,138.401646921469,0.198245234553184,16.9644191856925,0.0355808143075151,0
138.033207515359,17,1,137.886605376556,0.14660213880336,16.8943615200431,0.105638479956859,0
137.466522874696,17,1,137.355521954799,0.111000919896952,16.8728414093371,0.127158590662884,0
136.899838234033,17,1,136.703752581627,0.196085652406708,16.9470526023968,0.05294739760323,0
130.166703671953,-7,1,130.246592169812,0.0798884978590877,-7.00349834150624,0.00349834150623796,0
130.400044406344,-7,1,130.273785653265,0.126258753078929,-7.02177739812429,0.0217773981242919,0
130.633385140734,-7,1,130.639928224699,0.00654308396471492,-6.9994869521344,0.000513047865595695,0
130.866725875125,-7,1,131.004722001959,0.137996126834366,-7.00241881378227,0.00241881378227138,0
131.100066609516,-7,1,131.03412913576,0.065937473756037,-7.00028253225156,0.000282532251564938,0
125.833169452779,31,1,125.749156506815,0.0840129459634795,30.8951634699618,0.104836530038199,0
124.799803343335,31,1,124.648272255278,0.151531088056643,30.787965631753,0.212034368247032,0
123.766437233891,31,1,123.565872771829,0.200564462061976,30.9514502004804,0.0485497995196482,0
122.733071124446,31,1,122.603042514546,0.130028609900307,30.9443019771978,0.0556980228022432,0
121.699705015002,31,1,121.624331819623,0.0753731953791004,30.9436357915701,0.0563642084298586,0
137.499952421775,9,1,137.514112815936,0.0141603941616211,9.01426538659224,0.0142653865922426,0
137.199942906129,9,1,137.233761556388,0.0338186502582687,9.00459468737604,0.00459468737604318,0
136.899933390484,9,1,137.007305630175,0.107372239691017,9.02390655522189,0.0239065552218864,0
136.599923874839,9,1,136.599098037271,0.000825837567845156,8.90661148565871,0.0933885143412851,0
136.299914359194,9,1,136.229673506427,0.0702408527671423,8.94227895417793,0.0577210458220687,0
27.0001585940849,-30,1,27.1824511684224,0.182292574337524,-29.8989829068823,0.101017093117715,0
28.0001903129018,-30,1,28.1944811513172,0.194290838415352,-29.9266088921341,0.0733911078659091,0
29.0002220317188,-30,1,29.1690895060298,0.168867474310936,-29.8691246076203,0.130875392379664,0
30.0002537505358,-30,1,30.1818915005273,0.181637749991513,-29.9036287042253,0.0963712957747269,0
31.0002854693528,-30,1,31.1926001702412,0.192314700888442,-29.9294476236314,0.0705523763685534,0
92.3332804686384,10,1,92.2764911488077,0.0567893198306564,9.86002264522821,0.139977354771789,0
91.9999365623661,10,1,91.9128146771758,0.0871218851902142,9.97197347645985,0.0280265235401522,0
91.6665926560937,10,1,91.6608044856486,0.0057881704451006,9.97349361773659,0.0265063822634133,0
91.3332487498214,10,1,91.2837624463533,0.0494863034681003,9.88780359132044,0.11219640867956,0
90.9999048435491,10,1,90.9335597937173,0.0663450498317957,9.96146659473736,0.038533405262644,0
111.999841405915,30,1,111.908388675742,0.091452730173458,29.9538012077955,0.046198792204482,0
110.999809687098,30,1,110.907619285527,0.092190401570889,29.9262102600609,0.0737897399391265,0
109.999777968281,30,1,109.890613199159,0.109164769122657,29.9211782056922,0.0788217943078102,0
108.999746249464,30,1,108.917028399649,0.0827178498156229,29.9541225744558,0.0458774255441519,0
107.999714530647,30,1,107.901263974171,0.0984505564766209,29.9438096219591,0.0561903780408706,0
12.4998572653236,27,1,12.3855093098144,0.114347955509203,26.9667647919992,0.0332352080008107,0
11.5998287183883,27,1,11.5616731942981,0.0381555240902482,26.9387139236769,0.0612860763230856,0
10.6998001714531,27,1,10.5564790890371,0.143321082416007,26.8466571565547,0.153342843445348,0
9.79977162451779,27,1,9.64702925599917,0.152742368518622,26.9673455376767,0.032654462323265,0
8.89974307758251,27,1,8.82320990062923,0.07653317695328,26.9343143966901,0.0656856033098521,0
89.833137733962,37,1,89.610947368205,0.222190365756944,36.8851072460046,0.114892753995385,0
88.5997652807544,37,1,88.4681926675781,0.131572613176289,36.9087955814359,0.0912044185641392,0
87.3663928275468,37,1,87.1593813316567,0.2070114958901,36.9165581447702,0.083441855229772,0
86.1330203743392,37,1,86.0125017513176,0.120518623021553,36.838438128377,0.161561871623036,0
84.8996479211316,37,1,84.7667262244977,0.132921696633844,36.9297673151647,0.0702326848353323,0
129,0,1,128.953209836543,0.0467901634569614,-0.0576045340392406,0.0576045340392406,0
129,0,1,129.059582200455,0.0595822004553952,-0.00449723819798481,0.00449723819798481,0
129,0,1,129.026366651664,0.0263666516638352,-0.00878396725014558,0.00878396725014558,0
129,0,1,129.026599587549,0.0265995875488727,0.00908547985753038,0.00908547985753038,0
129,0,1,128.976146866388,0.0238531336117376,-0.021570176804459,0.021570176804459,0
74.3333756250893,-8,1,74.4403110645615,0.106935439472224,-8.01625433330458,0.0162543333045839,0
74.6000507501072,-8,1,74.7334750323692,0.133424282262041,-7.97583864231055,0.0241613576894544,0
74.866725875125,-8,1,75.0694216405027,0.202695765377726,-8.00399206392149,0.00399206392149054,0
75.1334010001429,-8,1,75.0504691544806,0.0829318456623156,-8.01774683302131,0.0177468330213131,0
75.4000761251607,-8,1,75.3568300485838,0.0432460765769633,-7.99267339977842,0.00732660022158171,0
109.666624374911,8,1,109.645428918626,0.0211954562843175,8.01230942385794,0.0123094238579373,0
109.399949249893,8,1,109.357375562306,0.0425736875868239,8.01240661780475,0.0124066178047535,0
109.133274124875,8,1,109.02885485913,0.104419265744724,8.01361101873291,0.0136110187329148,0
108.866598999857,8,1,108.747406156471,0.119192843386472,7.99135168218925,0.00864831781075193,0
108.599923874839,8,1,108.412448735451,0.18747513938807,8.01352856649753,0.0135285664975253,0
108.166545077868,23,1,108.039874027756,0.126671050112563,22.9364241389238,0.0635758610762025,0
107.399854093442,23,1,107.33302606245,0.0668280309916582,22.9194165957533,0.0805834042467453,0
106.633163109016,23,1,106.45715017457,0.176012934445694,22.8998823984276,0.100117601572403,0
105.866472124589,23,1,105.766454451712,0.100017672876888,22.9626554468842,0.0373445531158438,0
105.099781140163,23,1,163.980625426316,0.0157049549378456,-7.45170060072225,0.0753692825666086,1
15.166830547221,-31,1,15.3501111301575,0.183280582936444,-30.946817525399,0.0531824746009555,0
16.2001966566652,-31,1,16.3113501015276,0.111153444862342,-30.9440146355425,0.0559853644575163,0
17.2335627661094,-31,1,17.3212018160051,0.0876390498956603,-30.8939799225209,0.106020077479084,0
18.2669288755536,-31,1,18.429731974537,0.162803098983396,-30.8040896682302,0.195910331769845,0
19.3002949849979,-31,1,19.4824758643575,0.182180879359628,-30.9283945646462,0.0716054353537778,0
105.833359765681,-5,1,105.772509024794,0.0608507408872185,-4.96759731059249,0.0324026894075056,0
106.000031718817,-5,1,106.136861324835,0.136829606018438,-4.95467504355486,0.0453249564451426,0
106.166703671953,-5,1,106.263966986113,0.0972633141594059,-4.95376310216634,0.0462368978336585,0
106.333375625089,-5,1,106.39963603273,0.0662604076402431,-4.98101297423865,0.0189870257613451,0
106.500047578225,-5,1,106.513343438589,0.013295860363769,-4.98206848407941,0.0179315159205933,0
100.833232890413,19,1,100.804741973579,0.0284909168335759,18.9829993223069,0.0170006776931082,0
100.199879468495,19,1,100.014034425086,0.185845043409969,18.9177131893164,0.0822868106836339,0
99.5665260465781,19,1,99.4976185179316,0.0689075286465197,18.9809560197882,0.0190439802117659,0
98.9331726246607,19,1,98.8982335105043,0.0349391141563444,18.8583580650181,0.141641934981884,0
98.2998192027433,19,1,98.1881047919067,0.111714410836598,18.9653813332109,0.0346186667891288,0
95.0000634376339,-12,1,95.1347410695206,0.134677631886689,-11.9122059612512,0.0877940387488447,0
95.4000761251607,-12,1,95.3325658713871,0.0675102537736478,-11.9748143552865,0.0251856447134724,0
95.8000888126875,-12,1,95.7859024155767,0.0141863971108052,-11.9757552569426,0.0242447430574408,0
96.2001015002143,-12,1,96.2511113322081,0.0510098319937669,-11.9762944227592,0.0237055772407846,0
96.6001141877411,-12,1,96.7125808277411,0.112466639999965,-11.9862589529394,0.0137410470606394,0
74.0001585940849,-30,1,74.1476621668373,0.147503572752427,-29.9151449434996,0.0848550565004338,0
75.0001903129019,-30,1,75.1579394735707,0.157749160668843,-29.9337107345309,0.0662892654691198,0
76.0002220317188,-30,1,76.1687088167106,0.168486784991785,-29.9415315196861,0.0584684803138664,0
77.0002537505358,-30,1,77.1452057899106,0.144952039374814,-29.9234531565889,0.0765468434110801,0
78.0002854693528,-30,1,78.1536367874159,0.15335131806313,-29.9282900148598,0.0717099851401883,0
102.000063437634,-12,1,102.148259532731,0.148196095097546,-11.9846257642326,0.0153742357674442,0
102.400076125161,-12,1,102.352951390235,0.0471247349260011,-11.9273943861175,0.0726056138825193,0
102.800088812688,-12,1,102.790759673913,0.00932913877463193,-11.9770022472951,0.0229977527049048,0
103.200101500214,-12,1,103.236916921232,0.0368154210174509,-11.9770944815441,0.022905518455925,0
103.600114187741,-12,1,103.686635767953,0.086521580212036,-11.9767731389785,0.0232268610214845,0
61.5000475782255,-9,1,61.5609295765047,0.0608819982792568,-8.99299854396506,0.00700145603493674,0
61.8000570938705,-9,1,61.8440510591636,0.0439939652930192,-9.00215266190792,0.0021526619079193,0
62.1000666095156,-9,1,62.1055576540668,0.00549104455117089,-8.99961408831385,0.000385911686150209,0
62.4000761251607,-9,1,62.3648415161988,0.0352346089619573,-9.00146825158698,0.00146825158697794,0
62.7000856408058,-9,1,62.6862433851849,0.0138422556209221,-8.9519470526045,0.0480529473954956,0
16.999968281183,6,1,16.974298201978,0.0256700792050601,5.986985608111,0.0130143918890031,0
16.7999619374196,6,1,16.8547044462392,0.0547425088195332,5.97365896239753,0.02634103760247,0
16.5999555936562,6,1,16.5277121992071,0.0722433944491172,5.98856742331401,0.011432576685988,0
16.3999492498928,6,1,16.4469171504265,0.0469679005336765,5.98635342660015,0.013646573399849,0
16.1999429061294,6,1,16.0865222367444,0.113420669385004,5.98131363178059,0.0186863682194058,0
19.3334390627232,-20,1,19.4775312203811,0.14409215765787,-19.9778026455377,0.0221973544623069,0
20.0001268752679,-20,1,20.0854818209905,0.085354945722564,-19.7989363940266,0.20106360597342,0
20.6668146878125,-20,1,20.7300494972256,0.0632348094130499,-19.9738820014425,0.0261179985575275,0
21.3335025003572,-20,1,21.4601736488623,0.126671148505125,-19.9642559046583,0.0357440953417303,0
22.0001903129018,-20,1,22.0781951122358,0.0780047993339181,-19.8121270568112,0.1878729431888,0
66.9998414059151,30,1,66.9343431821764,0.0654982237387145,29.924332784456,0.0756672155439801,0
65.9998096870981,30,1,65.9291505755772,0.0706591115209392,29.9018998114982,0.0981001885018209,0
64.9997779682812,30,1,64.9117077010378,0.0880702672433671,29.8651128223845,0.134887177615454,0
63.9997462494642,30,1,63.9328040997967,0.0669421496674971,29.9333534488336,0.0666465511663539,0
62.9997145306472,30,1,62.9291690502967,0.0705454803505461,29.9018477273432,0.09815227265684,0
68.833169452779,31,1,68.6776206381721,0.155548814606902,30.7725316692393,0.227468330760718,0
67.7998033433348,31,1,67.6202417939089,0.179561549425827,30.9010571483847,0.0989428516152664,0
66.7664372338906,31,1,66.618066728173,0.14837050571758,30.9491906504208,0.0508093495792252,0
65.7330711244464,31,1,65.6540858450535,0.0789852793928247,30.9534657922373,0.0465342077627291,0
64.6997050150021,31,1,64.6153402498005,0.0843647652016415,30.8582310049413,0.14176899505868,0
4.99980968709816,36,1,4.79323617389799,0.206573513200172,35.9009709323252,0.0990290676747705,0
3.79977162451779,36,1,3.65163965430599,0.148131970211797,35.9065263699349,0.0934736300651267,0
2.59973356193742,36,1,2.43646718653978,0.163266375397639,35.8031982106698,0.196801789330152,0
1.39969549935705,36,0,NaN,0,NaN,0,0
0.199657436776683,36,0,33.1628451339824,0,36.1241162299679,0,1
34.1665450778683,23,1,34.0835981818675,0.0829468960007631,22.9323368126857,0.0676631873142632,0
33.3998540934419,23,1,33.2767824991496,0.12307159429227,22.8556255380394,0.144374461960567,0
32.6331631090156,23,1,32.520012166794,0.113150942221544,22.9398962210648,0.060103778935229,0
31.8664721245892,23,1,31.8193095515724,0.0471625730168697,22.9484210923273,0.051578907672674,0
31.0997811401629,23,1,30.938010826968,0.161770313194896,22.9318097914104,0.0681902085895949,0
9.99984140591513,30,1,9.8478940434951,0.15194736242003,29.8152584583526,0.18474154164743,0
8.99980968709816,30,1,8.83416950294401,0.165640184154142,29.8516678044884,0.148332195511582,0
7.99977796828118,30,1,7.83491128081616,0.164866687465024,29.7962336325029,0.203766367497138,0
6.99974624946421,30,1,6.84406128684486,0.155684962619349,29.8201662036688,0.179833796331181,0
5.99971453064724,30,1,5.829592320603,0.170122210044231,29.8569321096023,0.143067890397703,0
10.3334707815402,-26,1,10.4814889338046,0.148018152264386,-25.9666122474401,0.0333877525599107,0
11.2001649378483,-26,1,11.3322916873442,0.132126749495905,-25.9688540600982,0.0311459399018439,0
12.0668590941563,-26,1,12.1830563311563,0.11619723700001,-25.9675405036537,0.0324594963462665,0
12.9335532504644,-26,1,13.0337294867293,0.100176236264925,-25.9625989822684,0.0374010177315647,0
13.8002474067724,-26,1,13.8840389746343,0.0837915678619279,-25.953303635309,0.0466963646910159,0
20.6665292184598,26,1,20.5045272274123,0.162001991047472,25.9311888906184,0.0688111093815955,0
19.7998350621517,26,1,19.6547228541385,0.145112208013284,25.9496107898331,0.0503892101669159,0
18.9331409058437,26,1,18.8049083737454,0.128232532098295,25.9607263974047,0.0392736025952622,0
18.0664467495357,26,1,17.9547099553673,0.111736794168326,25.9668771523593,0.0331228476406693,0
17.1997525932276,26,1,17.1042836849584,0.0954689082691829,25.969536737282,0.0304632627180048,0
11.1665133590513,29,1,11.0861560198605,0.0803573391907673,28.8845293983066,0.115470601693378,0
10.1998160308616,29,1,10.0851113832861,0.114704647575456,28.9182432798762,0.0817567201237708,0
9.23311870267181,29,1,9.08351183812984,0.149606864541973,28.9383211379821,0.0616788620179172,0
8.26642137448207,29,1,8.11069300832365,0.155728366158423,28.8501676427663,0.149832357233674,0
7.29972404629233,29,1,7.20309999920157,0.0966240470907591,28.851621344938,0.148378655062007,0
120.499952421775,9,1,120.528785696569,0.0288332747947067,9.00321555105136,0.00321555105136362,0
120.199942906129,9,1,120.269603764202,0.0696608580729787,8.99179116569931,0.00820883430068697,0
119.899933390484,9,1,119.943045383244,0.0431119927597194,8.93893087323415,0.0610691267658474,0
119.599923874839,9,1,119.558789781168,0.0411340936710047,8.88257060972085,0.117429390279151,0
119.299914359194,9,1,119.193925317287,0.105989041907051,8.90285868742506,0.0971413125749354,0
24.3333756250893,-8,1,24.4414590148091,0.108083389719791,-7.95608814746521,0.0439118525347899,0
24.6000507501072,-8,1,24.5267648266148,0.0732859234923673,-7.92375149875802,0.0762485012419845,0
24.866725875125,-8,1,24.8257970043126,0.0409288708124009,-7.99138908210538,0.00861091789461721,0
25.1334010001429,-8,1,25.1077382870451,0.0256627130977876,-8.00845211494262,0.0084521149426191,0
25.4000761251607,-8,1,25.4325300319946,0.0324539068338936,-8.00548235626595,0.0054823562659525,0
101.666497499643,32,1,101.513132715446,0.15336478419664,31.7357067455442,0.264293254455808,0
100.599796999571,32,1,100.455554986999,0.144242012572576,31.9626592933691,0.0373407066309177,0
99.5330964994999,32,1,99.3818659196671,0.151230579832813,31.7168027381306,0.283197261869372,0
98.4663959994285,32,1,98.309955719344,0.156440280084524,31.9544554330012,0.0455445669988315,0
97.3996954993571,32,1,97.257568279976,0.142127219381052,31.7038013858172,0.296198614182799,0
89.1666402343192,5,1,89.0719076424498,0.0947325918693451,4.95519675447803,0.0448032455219733,0
88.999968281183,5,1,88.9025182315806,0.0974500496024149,4.97994043584353,0.0200595641564716,0
88.8332963280469,5,1,88.803847985932,0.0294483421149181,4.97142797640012,0.0285720235998808,0
88.6666243749107,5,1,88.6615733216749,0.00505105323576061,4.97808286186411,0.0219171381358851,0
88.4999524217745,5,1,88.5451442784623,0.0451918566877367,4.97292107170747,0.0270789282925259,0
138.166608515502,11,1,137.974345370488,0.19226314501401,10.9700132977804,0.029986702219551,0
137.799930218603,11,1,137.765219697874,0.0347105207285097,10.9606362325562,0.0393637674437937,0
137.433251921703,11,1,137.278655545446,0.154596376256819,10.949143133477,0.0508568665230147,0
137.066573624804,11,1,137.069996831648,0.00342320684495689,10.9567612776532,0.0432387223467856,0
136.699895327904,11,1,136.596216476205,0.103678851698589,10.952710009215,0.0472899907849698,0
17.6667829689956,-22,1,17.7465205850994,0.0797376161037811,-21.9365226759609,0.0634773240390594,0
18.4001395627947,-22,1,18.4479935103167,0.0478539475219897,-21.9240977647941,0.0759022352059446,0
19.1334961565938,-22,1,19.2077561545154,0.0742599979215939,-21.801705328005,0.198294671994987,0
19.8668527503929,-22,1,19.9909702608974,0.124117510504529,-21.8016192371705,0.198380762829508,0
20.600209344192,-22,1,20.7435959023357,0.143386558143646,-21.9243334315829,0.0756665684171196,0
51.5001744534934,-33,1,51.6234960553555,0.123321601862123,-32.8277075997348,0.172292400265185,0
52.600209344192,-33,1,52.7205474637366,0.120338119544577,-32.957395816977,0.0426041830229948,0
53.7002442348907,-33,1,53.9261658777755,0.225921642884806,-32.9442246980205,0.055775301979466,0
54.8002791255894,-33,1,54.9435602781162,0.143281152526846,-32.739467067589,0.26053293241101,0
55.900314016288,-33,1,56.0058250405373,0.105511024249282,-32.8950285331775,0.104971466822498,0
89.5001427346764,-27,1,89.5037443001803,0.00360156550394208,-26.932427415087,0.0675725849129876,0
90.4001712816117,-27,1,90.6124394077768,0.212268126165128,-26.9070144451164,0.0929855548836436,0
91.3001998285469,-27,1,91.4299334081711,0.129733579624187,-26.9784892928895,0.0215107071104761,0
92.2002283754822,-27,1,92.2423167150144,0.0420883395321425,-26.9123981759415,0.0876018240584564,0
93.1002569224175,-27,1,93.2421033412081,0.141846418790664,-26.7426732928597,0.257326707140347,0
43.8334549221317,-23,1,43.9064153478935,0.072960425761778,-22.8320374016091,0.167962598390922,0
44.6001459065581,-23,1,44.739328729022,0.139182822463916,-22.9418301021687,0.058169897831295,0
45.3668368909844,-23,1,45.4247521049189,0.0579152139344714,-22.9441942062163,0.0558057937836693,0
46.1335278754108,-23,1,46.2634706710763,0.129942795665528,-22.8279972824742,0.172002717525785,0
46.9002188598371,-23,1,47.0218793225141,0.121660462676971,-22.9537502110613,0.046249788938713,0
85.4998255465066,33,1,85.2922557581776,0.207569788329039,32.9559052132759,0.0440947867241022,0
84.399790655808,33,1,84.2659947800005,0.133795875807493,32.7543548091098,0.245645190890173,0
83.2997557651093,33,1,83.2314785052645,0.0682772598447912,32.95832135609,0.041678643910025,0
82.1997208744106,33,1,82.0293839852951,0.170336889115489,32.9660198343884,0.0339801656115881,0
81.099685983712,33,1,80.9466421167417,0.153043866970236,32.7883843305736,0.211615669426429,0
139.333343906272,-2,1,139.37961103925,0.0462671329775333,-2.02869946155112,0.02869946155112,0
139.400012687527,-2,1,139.292996704254,0.107015983273129,-2.00197264343938,0.00197264343938253,0
139.466681468781,-2,1,139.522043726107,0.0553622573261237,-2.01848532091959,0.0184853209195945,0
139.533350250036,-2,1,139.425799533983,0.107550716052685,-2.01910620149573,0.0191062014957257,0
139.60001903129,-2,1,139.6573267914,0.0573077601099783,-2.02433277993148,0.0243327799314845,0
10.1667988284041,-25,1,10.3286236934611,0.161824865057021,-24.9060415124938,0.0939584875061961,0
11.0001585940849,-25,1,11.1320036497185,0.131845055633676,-24.8256437938874,0.174356206112623,0
11.8335183597657,-25,1,11.8571129360371,0.0235945762714103,-24.9497555328632,0.0502444671368281,0
12.6668781254465,-25,1,12.7241005437096,0.0572224182631302,-24.9654147029727,0.0345852970272773,0
13.5002378911273,-25,1,13.6033066437638,0.103068752636528,-24.9529782289208,0.047021771079212,0
18.8332963280469,7,1,18.8560189691765,0.0227226411296435,6.99454413491912,0.0054558650808767,0
18.5999555936562,7,1,18.5432402107658,0.0567153828904061,6.99385044437631,0.00614955562369257,0
18.3666148592656,7,1,18.3103670176444,0.0562478416212002,6.95241442468991,0.04758557531009,0
18.133274124875,7,1,18.1471416097394,0.0138674848644023,7.00158977873421,0.00158977873421495,0
17.8999333904844,7,1,17.8014809622212,0.0984524282632009,6.99829875914614,0.00170124085385659,0
100.33347078154,-26,1,100.393627208647,0.0601564271067616,-25.9548115053715,0.0451884946284657,0
101.200164937848,-26,1,101.24111220803,0.0409472701820306,-25.9280186590137,0.0719813409862589,0
102.066859094156,-26,1,102.095155504699,0.0282964105426089,-25.8802243447704,0.119775655229624,0
102.933553250464,-26,1,103.028905390183,0.0953521397188837,-25.7766945699529,0.22330543004712,0
103.800247406772,-26,1,103.904261490965,0.104014084192755,-25.7487081352939,0.251291864706122,0
22.8334232033148,-17,1,22.8698172942713,0.0363940909565521,-16.9281431766156,0.0718568233844081,0
23.4001078439777,-17,1,23.4208612975587,0.0207534535810083,-16.9606030883429,0.0393969116570894,0
23.9667924846407,-17,1,23.9978697872669,0.0310773026262332,-16.9531088040533,0.0468911959466674,0
24.5334771253036,-17,1,24.5865958138757,0.0531186885721233,-16.9451963229027,0.0548036770972864,0
25.1001617659666,-17,1,25.1422675274502,0.0421057614836009,-16.9643399104443,0.0356600895557442,0
136.000158594085,-30,1,136.114045954038,0.113887359952912,-29.9384100317337,0.0615899682663112,0
137.000190312902,-30,1,137.085140699729,0.0849503868273871,-29.9623546977497,0.0376453022502936,0
138.000222031719,-30,1,138.104481806678,0.104259774959417,-29.9432735490989,0.0567264509010599,0
139.000253750536,-30,1,139.124424335282,0.124170584746253,-29.9238544060717,0.0761455939282705,0
140.000285469353,-30,1,140.094392928158,0.0941074588052118,-29.9345081618336,0.0654918381664444,0
128.833169452779,31,1,128.755666741715,0.0775027110637154,30.9071865363918,0.0928134636082127,0
127.799803343335,31,1,127.645054490186,0.154748853148263,30.7419518586275,0.258048141372456,0
126.766437233891,31,1,126.563704342177,0.202732891714035,30.9281840601073,0.0718159398926623,0
125.733071124446,31,1,125.592920800028,0.14015032441803,30.9494808757647,0.0505191242352971,0
124.699705015002,31,1,124.611353118628,0.0883518963746326,30.9440926370454,0.0559073629546063,0
61.5001110158594,-21,1,61.5434641356498,0.043353119790396,-20.997049131553,0.002950868446991,0
62.2001332190313,-21,1,62.2869714658181,0.0868382467867974,-20.9828231584,0.0171768415999516,0
62.9001554222032,-21,1,62.9943689871638,0.0942135649606612,-20.983223312888,0.0167766871119923,0
63.6001776253751,-21,1,63.7448231537153,0.144645528340234,-20.9914881456599,0.00851185434005686,0
64.3001998285469,-21,1,64.4628297526495,0.162629924102532,-20.9684206213303,0.0315793786697043,0
115.500079297042,-15,1,115.477972157224,0.0221071398188144,-15.0102999358261,0.0102999358260778,0
116.000095156451,-15,1,116.146218324437,0.146123167986303,-14.9700112151063,0.0299887848936944,0
116.500111015859,-15,1,116.488541383053,0.0115696328065127,-14.9878405683679,0.0121594316320817,0
117.000126875268,-15,1,117.139061878725,0.138935003457561,-14.9742862219027,0.0257137780973355,0
117.500142734676,-15,1,117.502753310957,0.00261057628044625,-14.9665332742047,0.0334667257952841,0
73.6667829689956,-22,1,73.706373939411,0.0395909704154178,-21.9039779180015,0.0960220819985338,0
74.4001395627947,-22,1,74.4995050362684,0.0993654734737532,-21.7889957210333,0.211004278966715,0
75.1334961565938,-22,1,75.2900672974237,0.156571140829925,-21.94283622707,0.0571637729299788,0
75.8668527503929,-22,1,76.0044648305221,0.137612080129216,-21.953166173069,0.0468338269309534,0
76.600209344192,-22,1,76.6999744067121,0.0997650625200635,-21.9568159247103,0.0431840752896591,0
61.833137733962,37,1,61.6285897250957,0.204548008866297,36.8296816921248,0.170318307875249,0
60.5997652807544,37,1,60.4988831867068,0.100882094047627,36.9306315109037,0.0693684890963056,0
59.3663928275468,37,1,59.1821459880252,0.184246839521627,36.9342027818867,0.0657972181132749,0
58.1330203743392,37,1,57.920697453042,0.212322921297201,36.8857671992984,0.114232800701608,0
56.8996479211316,37,1,56.7698374365308,0.129810484600746,36.9011271721923,0.0988728278077176,0
91.5001427346764,-27,1,91.6025692605246,0.10242652584823,-26.7774629886311,0.222537011368939,0
92.4001712816117,-27,1,92.5351649429991,0.134993661387469,-26.8293786152668,0.17062138473316,0
93.3001998285469,-27,1,93.4121688365878,0.111969008040859,-26.9729651886744,0.0270348113255992,0
94.2002283754822,-27,1,94.2247874297225,0.0245590542403278,-26.9598859553435,0.0401140446565087,0
95.1002569224175,-27,1,95.2473772725616,0.147120350144164,-26.8442897072059,0.155710292794094,0
131.83326460923,13,1,131.739764590643,0.0935000185865533,12.9955384255454,0.00446157445457551,0
131.399917531076,13,1,131.317538155948,0.0823793751277151,12.996736218067,0.00326378193300769,0
130.966570452922,13,1,130.89262659402,0.0739438589019699,12.99046102699,0.00953897300999174,0
130.533223374768,13,1,130.477108441132,0.0561149336354561,12.9923646868436,0.00763531315640265,0
130.099876296614,13,1,130.049573826148,0.0503024704653683,12.9856824726783,0.014317527321694,0
51.1665767966852,17,1,51.093579318389,0.0729974782962088,16.9574913040359,0.0425086959641057,0
50.5998921560223,17,1,50.5187692037055,0.0811229523167967,16.9585197677112,0.0414802322887873,0
50.0332075153593,17,1,49.9287736954563,0.104433819903065,16.9636179686514,0.0363820313486158,0
49.4665228746964,17,1,49.3702416454066,0.0962812292897581,16.9435890925706,0.0564109074293633,0
48.8998382340334,17,1,48.7995031444653,0.100335089568119,16.9497116591773,0.0502883408227177,0
105.000095156451,-18,1,105.139100076964,0.139004920513557,-17.9568823685227,0.0431176314773438,0
105.600114187741,-18,1,105.698306954422,0.0981927666804268,-17.9684728962602,0.0315271037398013,0
106.200133219031,-18,1,106.230410943952,0.0302777249203672,-17.9671918498841,0.0328081501158941,0
106.800152250321,-18,1,106.807820114289,0.0076678639672707,-17.9153875401414,0.0846124598585796,0
107.400171281612,-18,1,107.522906885813,0.122735604201779,-17.8483820364373,0.151617963562675,0
120.000126875268,-24,1,120.131775063269,0.131648188001023,-23.964599837943,0.0354001620569626,0
120.800152250321,-24,1,120.920694277311,0.120542026989838,-23.851855560165,0.148144439835008,0
121.600177625375,-24,1,121.666003353353,0.0658257279781367,-23.9627046131345,0.0372953868655266,0
122.400203000429,-24,1,122.550864311699,0.150661311270667,-23.9265865324444,0.0734134675555858,0
123.200228375482,-24,1,123.219121067582,0.0188926921002093,-23.9602662321886,0.0397337678113594,0
142.333407343906,-14,1,142.356473698884,0.0230663549779422,-14.0091480053767,0.00914800537668015,0
142.800088812688,-14,1,142.828429640963,0.0283408282755886,-13.7983793760608,0.201620623939172,0
143.266770281469,-14,1,143.435570662561,0.168800381092581,-14.0190565855575,0.019056585557486,0
143.73345175025,-14,1,143.819961573605,0.0865098233544757,-14.0038775458616,0.00387754586164668,0
144.200133219031,-14,1,144.19141303033,0.00872018870106217,-14.0137461983593,0.0137461983592591,0
96.4998889841406,21,1,96.3848568807339,0.115032103406676,20.7833106132056,0.216689386794407,0
95.7998667809687,21,1,95.7255576960865,0.0743090848821737,20.7860640979727,0.21393590202727,0
95.0998445777968,21,1,95.0512867231952,0.0485578546016683,20.9053152739959,0.0946847260041217,0
94.3998223746249,21,1,94.395817340833,0.00400503379192685,20.9814450809789,0.0185549190210992,0
93.6998001714531,21,1,93.634834801465,0.0649653699880446,20.9681036714893,0.0318963285106975,0
75.8334866409487,-29,1,76.0104653325676,0.176978691618871,-28.8897934835034,0.110206516496554,0
76.8001839691384,-29,1,76.9073000575603,0.107116088421833,-28.8050858431602,0.194914156839772,0
77.7668812973282,-29,1,77.8631137476537,0.0962324503255019,-28.8692663809645,0.130733619035514,0
78.7335786255179,-29,1,78.8479565551507,0.114377929632752,-28.9447981589669,0.055201841033103,0
79.7002759537077,-29,1,79.8676759556865,0.167400001978805,-28.9210142864829,0.078985713517131,0
109.833296328047,7,1,109.781477168091,0.0518191599557269,7.00365846816267,0.00365846816266835,0
109.599955593656,7,1,109.486491305481,0.113464288175194,6.98050835127955,0.0194916487204466,0
109.366614859266,7,1,109.385364383557,0.0187495242916214,7.00310517968201,0.00310517968201385,0
109.133274124875,7,1,109.030851769829,0.10242235504613,7.00529426281179,0.00529426281179202,0
108.899933390484,7,1,108.973251357622,0.0733179671376973,6.97717731285515,0.02282268714485,0
108.166830547221,-31,1,108.271609825701,0.104779278480393,-30.9324637444323,0.067536255567699,0
109.200196656665,-31,1,109.255661888387,0.0554652317213851,-30.901462746724,0.0985372532760032,0
110.233562766109,-31,1,110.467259179814,0.233696413704635,-30.9502925156496,0.0497074843503817,0
111.266928875554,-31,1,111.419304683652,0.152375808098682,-30.9465118510125,0.0534881489874905,0
112.300294984998,-31,1,112.407994743054,0.107699758055674,-30.9606302991076,0.0393697008923617,0
14.1666085155022,11,1,14.120764563592,0.0458439519102001,10.9695087760572,0.0304912239428301,0
13.7999302186027,11,1,13.7081706803919,0.0917595382107983,10.9111621857398,0.0888378142601844,0
13.4332519217031,11,1,13.4239023988294,0.00934952287365398,10.9710461371775,0.0289538628224584,0
13.0665736248035,11,1,12.9482629480577,0.118310676745836,10.9664575289532,0.0335424710467969,0
12.699895327904,11,1,12.6977118958852,0.00218343201883187,10.942239817882,0.0577601821179545,0
104,0,1,103.887139355326,0.112860644673873,0.0118686507513385,0.0118686507513385,0
104,0,1,103.888149218383,0.11185078161661,-0.0132229251893224,0.0132229251893224,0
104,0,1,103.872001641073,0.127998358927258,-0.00218984708299039,0.00218984708299039,0
104,0,1,103.872737275852,0.127262724148011,-0.01204938518442,0.01204938518442,0
104,0,1,103.888285504153,0.111714495847266,0.0114237761425789,0.0114237761425789,0
31.6665609372768,20,1,31.4856667039829,0.180894233293905,19.9308147719802,0.0691852280198368,0
30.9998731247321,20,1,30.9975781944784,0.00229493025372918,19.9830078896162,0.0169921103837538,0
30.3331853121875,20,1,30.2210732991015,0.112112013085916,19.9866437706636,0.0133562293363703,0
29.6664974996428,20,1,29.5003523787905,0.166145120852271,19.8781105276813,0.121889472318717,0
28.9998096870982,20,1,28.9740201463028,0.0257895407953974,19.9364370613182,0.0635629386818124,0
18.1666085155022,11,1,18.1226180690001,0.0439904465021534,10.9675061882154,0.0324938117845974,0
17.7999302186027,11,1,17.6917510139351,0.108179204667529,10.8871374129176,0.112862587082404,0
17.4332519217031,11,1,17.3979756538512,0.0352762678518523,10.9616495742444,0.0383504257556346,0
17.0665736248035,11,1,16.9436168505608,0.122956774242748,10.9557214090563,0.0442785909436534,0
16.699895327904,11,1,16.7049491842337,0.00505385632967759,10.9568737991817,0.0431262008183175,0
54.0001585940849,-30,1,54.1716563851792,0.171497791094346,-29.9212618940692,0.0787381059308068,0
55.0001903129018,-30,1,55.1827966532802,0.182606340378342,-29.9372342725904,0.0627657274095625,0
56.0002220317188,-30,1,56.1588388342998,0.158616802580958,-29.9025016831601,0.0974983168399,0
57.0002537505358,-30,1,57.1706153116046,0.170361561068837,-29.9256225526639,0.0743774473361434,0
58.0002854693528,-30,1,58.1814827477375,0.181197278384758,-29.9426563266298,0.0573436733702302,0
100.666719531362,-10,1,100.645168707171,0.0215508241903706,-9.96914297020565,0.0308570297943458,0
101.000063437634,-10,1,101.116904577017,0.116841139383524,-9.90695024976856,0.093049750231442,0
101.333407343906,-10,1,101.395598055274,0.0621907113681885,-9.98489278607698,0.0151072139230202,0
101.666751250179,-10,1,101.658821235502,0.00793001467633303,-9.95736066671848,0.0426393332815245,0
102.000095156451,-10,1,102.12635838083,0.126263224379485,-9.93997601716765,0.0600239828323481,0
84.5000475782255,-9,1,84.548188837266,0.0481412590405341,-8.99881123254301,0.00118876745698948,0
84.8000570938705,-9,1,84.8068125353123,0.0067554414417117,-9.0024090699218,0.00240906992180356,0
85.1000666095157,-9,1,85.0711873817092,0.0288792278064136,-9.00725561400479,0.00725561400479435,0
85.4000761251607,-9,1,85.3902141509273,0.00986197423340229,-8.96332630909494,0.0366736909050562,0
85.7000856408058,-9,1,85.6644421106873,0.0356435301185201,-8.94031664590905,0.0596833540909465,0
130.499857265324,27,1,130.368879608921,0.130977656402621,26.7322605778986,0.267739422101386,0
129.599828718388,27,1,129.422702594578,0.177126123810723,26.9989018275524,0.00109817244763377,0
128.699800171453,27,1,128.639109445763,0.0606907256898523,26.9926322316049,0.00736776839507414,0
127.799771624518,27,1,127.837390276984,0.0376186524664206,26.9053904689577,0.0946095310423409,0
126.899743077583,27,1,126.710761863755,0.188981213827461,26.9127750092813,0.0872249907186955,0
82.5001427346764,-27,1,82.5997155661822,0.099572831505796,-26.8017866933704,0.198213306629633,0
83.4001712816117,-27,1,83.5347133748103,0.134542093198647,-26.8175970167158,0.182402983284206,0
84.3001998285469,-27,1,84.4203482312496,0.120148402702668,-26.978523039234,0.0214769607660017,0
85.2002283754822,-27,1,85.2306883094245,0.0304599339422822,-26.9489444612228,0.0510555387772449,0
86.1002569224175,-27,1,86.2447581655397,0.144501243122221,-26.8123090492062,0.187690950793751,0
84.8334549221317,-23,1,84.9933269535952,0.159872031463479,-22.8897785372538,0.11022146274621,0
85.6001459065581,-23,1,85.6980477110793,0.0979018045212285,-22.9542858386333,0.045714161366682,0
86.3668368909844,-23,1,86.3985106271285,0.0316737361441142,-22.9491379681188,0.0508620318811772,0
87.1335278754108,-23,1,87.3008147876262,0.167286912215445,-22.9374641495795,0.0625358504204598,0
87.9002188598371,-23,1,87.9932128180802,0.0929939582430563,-22.938976086842,0.0610239131579604,0
112.166545077868,23,1,112.018400434011,0.14814464385681,22.9576409677049,0.0423590322951384,0
111.399854093442,23,1,111.345241464112,0.0546126293295401,22.9434771847778,0.056522815222241,0
110.633163109016,23,1,110.48115638502,0.152006723995839,22.8647785583787,0.135221441621301,0
109.866472124589,23,1,109.759350350426,0.107121774163701,22.9371280220032,0.0628719779967852,0
109.099781140163,23,1,109.041218511548,0.05856262861451,22.856288392066,0.14371160793397,0
73.9998731247321,24,1,73.9194598354734,0.0804132892586722,23.9317903968992,0.0682096031007831,0
73.1998477496785,24,1,73.0396399618017,0.160207787876786,23.9421663604837,0.0578336395162751,0
72.3998223746249,24,1,72.3656705048326,0.0341518697923391,23.9058821340811,0.0941178659189035,0
71.5997969995714,24,1,71.4977634438725,0.102033555698881,23.9549833051873,0.0450166948127375,0
70.7997716245178,24,1,70.6434722054755,0.15629941904227,23.868649106811,0.131350893188998,0
43.0001268752679,-24,1,43.1846535323448,0.184526657076859,-23.9334056513302,0.0665943486698133,0
43.8001522503215,-24,1,43.8666871436499,0.0665348933284235,-23.9272557262003,0.0727442737997279,0
44.6001776253751,-24,1,44.7421983428131,0.142020717438058,-23.9470708086938,0.0529291913061556,0
45.4002030004286,-24,1,45.449871925238,0.0496689248093318,-23.8927676062865,0.107232393713474,0
46.2002283754822,-24,1,46.2851516392096,0.0849232637273474,-23.9530978023485,0.0469021976514661,0
130.500174453493,-33,1,130.659834409003,0.159659955510023,-32.7654921487367,0.234507851263253,0
131.600209344192,-33,1,131.73018822581,0.129978881618001,-32.7951232853327,0.2048767146673,0
132.700244234891,-33,1,132.820949003059,0.120704768168792,-32.9724501168047,0.0275498831952916,0
133.800279125589,-33,1,134.031096454717,0.230817329127888,-32.9476768586763,0.0523231413237326,0
134.900314016288,-33,1,135.049592548135,0.149278531846676,-32.716402378569,0.283597621431028,0
127.666560937277,20,1,127.641907208213,0.0246537290641271,19.9792653622441,0.0207346377559006,0
126.999873124732,20,1,126.901191159287,0.0986819654451949,19.978299273592,0.0217007264080458,0
126.333185312187,20,1,126.118094194861,0.215091117326523,19.954634321215,0.0453656787850143,0
125.666497499643,20,1,125.667234922756,0.000737423113307045,19.9832256802262,0.0167743197738375,0
124.999809687098,20,1,124.876921594794,0.122888092304024,19.9884443512048,0.0115556487952233,0
69.1665133590513,29,1,69.0666616346849,0.0998517243663599,28.9443507305929,0.0556492694070592,0
68.1998160308616,29,1,68.0645323853712,0.135283645490347,28.9283635457597,0.0716364542403269,0
67.2331187026718,29,1,67.0525045762957,0.180614126376156,28.9002416310742,0.0997583689258263,0
66.2664213744821,29,1,66.1589596315481,0.107461742933992,28.8016926813957,0.198307318604293,0
65.2997240462923,29,1,65.2122715356491,0.0874525106432174,28.9418414971435,0.0581585028565179,0
14.1665133590513,29,1,14.0869569148883,0.0795564441630425,28.8885982523266,0.111401747673394,0
13.1998160308616,29,1,13.0835090171461,0.11630701371543,28.9204205691336,0.0795794308664384,0
12.2331187026718,29,1,12.0817294568136,0.1513892458582,28.9389520447762,0.0610479552237777,0
11.2664213744821,29,1,11.110462607094,0.1559587673881,28.8457075261402,0.154292473859758,0
10.2997240462923,29,1,10.2074005850563,0.0923234612360737,28.8565017166873,0.143498283312695,0
110.666751250179,-16,1,110.678163041416,0.0114117912371086,-15.8812046830034,0.118795316996625,0
111.200101500214,-16,1,111.214714960467,0.0146134602525194,-15.9958246492362,0.00417535076382869,0
111.73345175025,-16,1,111.819546424024,0.0860946737741841,-15.9554926680165,0.0445073319834854,0
112.266802000286,-16,1,112.401282313473,0.134480313187467,-15.9069587929762,0.0930412070237505,0
112.800152250321,-16,1,112.806929254233,0.00677700391187841,-15.9212164189919,0.0787835810081212,0
67.8333914844978,-11,1,67.8163339401255,0.0170575443723209,-10.937365030289,0.0626349697109809,0
68.2000697813973,-11,1,68.2851231240464,0.0850533426490756,-10.9735851419499,0.0264148580501171,0
68.5667480782969,-11,1,68.5527696155357,0.0139784627611874,-10.9223159765502,0.0776840234497929,0
68.9334263751965,-11,1,68.971693684609,0.0382673094124897,-10.9668979705036,0.0331020294964492,0
69.300104672096,-11,1,69.4056418094226,0.105537137326564,-10.9037829328422,0.0962170671578129,0
59.8334549221317,-23,1,59.9367566160051,0.10330169387337,-22.8065792951767,0.193420704823332,0
60.6001459065581,-23,1,60.7308405057052,0.130694599147098,-22.955511694116,0.0444883058839807,0
61.3668368909844,-23,1,61.4297011288695,0.0628642378851225,-22.9144692002059,0.0855307997940677,0
62.1335278754108,-23,1,62.2876025740995,0.154074698688753,-22.8882832505847,0.111716749415315,0
62.9002188598371,-23,1,62.9923536457408,0.0921347859036459,-22.9542439565117,0.0457560434883,0
17.5001744534934,-33,1,17.5797257141487,0.0795512606553324,-32.9423661672598,0.0576338327401871,0
18.600209344192,-33,1,18.7796454659995,0.179436121807512,-32.9549539908545,0.045046009145473,0
19.7002442348907,-33,1,19.8658080952817,0.165563860391043,-32.822657291384,0.177342708615981,0
20.8002791255894,-33,1,20.9403615761427,0.140082450553333,-32.7845606458718,0.2154393541282,0
21.900314016288,-33,1,22.0419277929691,0.14161377668108,-32.9493743284305,0.0506256715695415,0
65.833137733962,37,1,65.5969138182864,0.236223915675595,36.9205709725285,0.0794290274714911,0
64.5997652807544,37,1,64.4809415981294,0.118823682624978,36.8715654414963,0.128434558503656,0
63.3663928275468,37,1,63.1828596639031,0.183533163643681,36.92489327453,0.0751067254699649,0
62.1330203743392,37,1,61.9256321465274,0.20738822781184,36.8255132572407,0.174486742759314,0
60.8996479211316,37,1,60.785440133294,0.114207787837621,36.9241458747797,0.0758541252202676,0
13.000031718817,-6,1,12.9975839525746,0.002447766242339,-5.98248755246494,0.0175124475350579,0
13.2000380625804,-6,1,13.2816257015039,0.0815876389234838,-5.96013819684871,0.0398618031512932,0
13.4000444063438,-6,1,13.4445892421462,0.044544835802423,-5.98966514600162,0.010334853998379,0
13.6000507501072,-6,1,13.5326491380608,0.0674016120463978,-5.98161854232117,0.018381457678827,0
13.8000570938706,-6,1,13.8908489260457,0.0907918321751158,-5.98627604138274,0.0137239586172582,0
58.000031718817,-6,1,57.9459091288728,0.0541225899441855,-5.97051976187183,0.0294802381281691,0
58.2000380625804,-6,1,58.2798212810168,0.0797832184364395,-5.98500522793284,0.0149947720671619,0
58.4000444063438,-6,1,58.4026092439365,0.0025648375927716,-5.98652281528028,0.0134771847197204,0
58.6000507501072,-6,1,58.6724504203051,0.0723996701979885,-5.95241751301004,0.0475824869899553,0
58.8000570938705,-6,1,58.848909941667,0.048852847796411,-5.99328363511117,0.00671636488883109,0
11.4999207029576,15,1,11.3589126664283,0.141008036529293,14.9814840835974,0.0185159164025723,0
10.9999048435491,15,1,10.993329045575,0.00657579797404395,14.9462039803525,0.0537960196475442,0
10.4998889841406,15,1,10.354346345993,0.145542638147594,14.9965052868861,0.00349471311391802,0
9.9998731247321,15,1,10.0182503383227,0.0183772135906324,14.9908342278708,0.00916577212924174,0
9.49985726532362,15,1,9.37781649308313,0.122040772240489,14.9610203284311,0.0389796715689155,0
85.9999365623661,12,1,85.9129870281639,0.0869495342021338,11.9827393954278,0.0172606045721615,0
85.5999238748393,12,1,85.465410519045,0.134513355794255,11.9696933956956,0.0303066043044442,0
85.1999111873125,12,1,85.1050692182214,0.094841969091064,11.9276040788767,0.0723959211232525,0
84.7998984997857,12,1,84.818441392505,0.0185428927193101,11.9619517338643,0.0380482661357142,0
84.3998858122589,12,1,84.3727795123155,0.0271062999434406,11.974961691847,0.0250383081530057,0
65.6668146878125,-28,1,65.7698988092782,0.103084121465699,-27.7882400890923,0.21175991090772,0
66.6001776253751,-28,1,66.7344341441392,0.134256518764118,-27.9455460421367,0.0544539578632737,0
67.5335405629376,-28,1,67.6699524827725,0.136411919834927,-27.7731902376382,0.226809762361839,0
68.4669035005001,-28,1,68.5565705406216,0.0896670401214976,-27.954716738586,0.0452832614140029,0
69.4002664380626,-28,1,69.5588949566325,0.158628518569927,-27.8448520078035,0.155147992196525,0
134.833423203315,-17,1,134.969079974375,0.135656771060354,-16.9010778534396,0.0989221465604082,0
135.400107843978,-17,1,135.550373835934,0.150265991956076,-16.9217069652764,0.0782930347235933,0
135.966792484641,-17,1,136.131774944402,0.164982459761461,-16.9258548096583,0.0741451903417065,0
136.533477125304,-17,1,136.681406216671,0.147929091367587,-16.8362722277705,0.163727772229489,0
137.100161765967,-17,1,137.252983306018,0.152821540051093,-16.8943250143798,0.105674985620222,0
39.6668146878125,-28,1,39.7670315907369,0.100216902924338,-27.7957029811978,0.20429701880223,0
40.6001776253751,-28,1,40.7248653950774,0.124687769702383,-27.9320367413896,0.06796325861038,0
41.5335405629376,-28,1,41.6293980363635,0.0958574734259514,-27.8439638811978,0.156036118802174,0
42.4669035005001,-28,1,42.6007510374838,0.133847536983737,-27.9546259088587,0.0453740911413121,0
43.4002664380626,-28,1,43.5229355661794,0.122669128116783,-27.7739246824057,0.226075317594304,0
31.0000634376339,-12,1,30.9867845596466,0.0132788779873465,-11.9347677337954,0.0652322662045961,0
31.4000761251607,-12,1,31.4277680599829,0.0276919348221156,-11.968598690892,0.0314013091080305,0
31.8000888126875,-12,1,31.8721680360287,0.0720792233411949,-11.9780655593575,0.0219344406424824,0
32.2001015002143,-12,1,32.3167839026646,0.116682402450316,-11.971461761299,0.0285382387010351,0
32.6001141877411,-12,1,32.7234391766437,0.123324988902588,-11.940917484141,0.0590825158589592,0
48.6664974996428,32,1,48.4553145964273,0.211182903215501,31.9552467688667,0.0447532311333347,0
47.5997969995714,32,1,47.5239274375207,0.0758695620506771,31.9412911414209,0.0587088585790987,0
46.5330964994999,32,1,46.3084216799348,0.224674819565081,31.9514910239058,0.0485089760942436,0
45.4663959994285,32,1,45.37826028855,0.0881357108784684,31.9481060081205,0.0518939918795454,0
44.3996954993571,32,1,44.1630619393417,0.236633560015356,31.9370480968764,0.0629519031236256,0
6.3332487498214,16,1,6.24533084718659,0.0879179026348131,15.9704815718944,0.0295184281056038,0
5.79989849978568,16,1,5.67493610954083,0.12496239024485,15.8824672524257,0.117532747574336,0
5.26654824974996,16,1,5.24906879807204,0.0174794516779242,15.9268667885799,0.0731332114201013,0
4.73319799971425,16,1,4.69600848039239,0.037189519321859,15.9616158892808,0.0383841107192247,0
4.19984774967853,16,1,4.10208351761033,0.0977642320681946,15.9695797026124,0.0304202973876482,0
73,0,1,72.9341676394442,0.065832360555774,-0.000202355267807824,0.000202355267807824,0
73,0,1,72.9319936171708,0.0680063828292248,0.00108995886955579,0.00108995886955579,0
73,0,1,72.9285483912404,0.071451608759574,0.00203649427389864,0.00203649427389864,0
73,0,1,72.9354905350376,0.0645094649624127,0.00067638439282466,0.00067638439282466,0
73,0,1,72.9309642112229,0.0690357887771142,0.00247682092743904,0.00247682092743904,0
81.3334707815402,-26,1,81.3934567256327,0.0599859440925314,-25.9763570455346,0.0236429544653625,0
82.2001649378483,-26,1,82.2467484697724,0.0465835319240995,-25.9692840922887,0.0307159077113432,0
83.0668590941563,-26,1,83.0994927060365,0.0326336118802146,-25.9584671072489,0.041532892751075,0
83.9335532504644,-26,1,83.9438357632344,0.0102825127700896,-25.9055256603234,0.0944743396765553,0
84.8002474067724,-26,1,84.8087754580604,0.00852805128799616,-25.9000310064185,0.0999689935814807,0
110.500047578225,-9,1,110.505148057996,0.00510047977056161,-9.00005021849549,5.02184954900287e-05,0
110.800057093871,-9,1,110.773486559121,0.0265705347493537,-9.01046915236473,0.0104691523647311,0
111.100066609516,-9,1,111.058666079929,0.0414005295866104,-8.97070702055689,0.0292929794431096,0
111.400076125161,-9,1,111.355095264965,0.0449808601953947,-8.93364022541184,0.0663597745881646,0
111.700085640806,-9,1,111.653911781593,0.0461738592132832,-8.93978365071289,0.0602163492871117,0
11.3332487498214,16,1,11.2568526334277,0.0763961163937399,15.9568755713505,0.0431244286494987,0
10.7998984997857,16,1,10.6868485787137,0.113049921072008,15.9075641892018,0.0924358107982073,0
10.26654824975,16,1,10.2463443579579,0.0202038917920753,15.8997422679147,0.100257732085305,0
9.73319799971425,16,1,9.67731642233578,0.055881577378468,15.9508235539882,0.0491764460118045,0
9.19984774967853,16,1,9.11183686009271,0.0880108895858136,15.9441753021999,0.0558246978001335,0
48.6666243749107,8,1,48.7176423382228,0.0510179633121055,8.00967510141411,0.0096751014141141,0
48.3999492498928,8,1,48.4073194073691,0.00737015747623104,8.00527396778913,0.00527396778913136,0
48.133274124875,8,1,48.1197901471573,0.013483977717641,8.00942958126779,0.00942958126779203,0
47.8665989998571,8,1,47.7971083301476,0.0694906697095519,8.00912815109935,0.00912815109934684,0
47.5999238748393,8,1,47.5136262258452,0.0862976489940692,7.99888866788089,0.00111133211911252,0
11.9999365623661,12,1,11.9908371574373,0.00909940492873851,11.9713750539628,0.0286249460371621,0
11.5999238748393,12,1,11.5493959314529,0.0505279433863883,11.97722039958,0.0227796004200496,0
11.1999111873125,12,1,11.1076754970735,0.0922356902389474,11.9659991856425,0.0340008143574728,0
10.7998984997857,12,1,10.6895746607976,0.110323838988119,11.9288399348073,0.0711600651927409,0
10.3998858122589,12,1,10.4374008427311,0.0375150304722549,11.9607975669674,0.0392024330325889,0
29.6665609372768,20,1,29.5003079165704,0.166253020706385,19.8794856621105,0.120514337889521,0
28.9998731247321,20,1,28.9736783941517,0.0261947305804107,19.9366446242935,0.0633553757065002,0
28.3331853121875,20,1,28.2399360102927,0.0932493018947653,19.9822868565581,0.0177131434419167,0
27.6664974996428,20,1,27.4660064496705,0.200491049972324,19.9703528547661,0.0296471452338629,0
26.9998096870982,20,1,26.9854962666029,0.0143134204952986,19.962583282228,0.0374167177720039,0
52.8332328904129,19,1,52.8463385007321,0.0131056103191654,18.9677346361478,0.0322653638522326,0
52.1998794684955,19,1,52.052842396885,0.147037071610498,18.9708302765859,0.0291697234140784,0
51.5665260465781,19,1,51.5458183406591,0.0207077059189587,18.9758808518339,0.0241191481661005,0
50.9331726246607,19,1,50.7617975207644,0.171375103896231,18.950311889571,0.0496881104289564,0
50.2998192027433,19,1,50.2441671589506,0.0556520437926551,18.9786739728324,0.0213260271676141,0
72.3334073439063,-14,1,72.4160029202084,0.0825955763021398,-13.9935147279024,0.00648527209761518,0
72.8000888126875,-14,1,72.8151235495143,0.0150347368267632,-13.9975307288137,0.0024692711863068,0
73.2667702814688,-14,1,73.230096079495,0.0366742019738098,-13.9440864545408,0.0559135454591981,0
73.73345175025,-14,1,73.8823615872158,0.148909836965743,-13.9814987215637,0.0185012784362897,0
74.2001332190313,-14,1,74.2813113099379,0.0811780909066329,-14.0028077243155,0.00280772431549181,0
44.9999365623661,12,1,44.9630919187018,0.0368446436642031,11.9770637828376,0.0229362171623748,0
44.5999238748393,12,1,44.5209941870194,0.0789296878198584,11.9740857246676,0.0259142753324042,0
44.1999111873125,12,1,44.0829358606257,0.116975326686791,11.9499132668451,0.050086733154922,0
43.7998984997857,12,1,43.82504260814,0.0251441083543398,11.946178719202,0.0538212807980258,0
43.3998858122589,12,1,43.4252707114529,0.0253848991939662,11.9750615707965,0.0249384292034751,0
129.500047578225,-9,1,129.502919357023,0.0028717787975836,-9.00954788873698,0.0095478887369822,0
129.800057093871,-9,1,129.767695180319,0.0323619135513127,-9.02198576438842,0.0219857643884165,0
130.100066609516,-9,1,130.001365686202,0.098700923313686,-8.96980042829194,0.0301995717080583,0
130.400076125161,-9,1,130.460734830165,0.0606587050038172,-8.84265958345886,0.157340416541135,0
130.700085640806,-9,1,130.811204157857,0.111118517050727,-8.95025369717054,0.0497463028294618,0
12.8332011715959,25,1,12.6534879170068,0.179713254589116,24.9091522263628,0.0908477736372433,0
11.9998414059151,25,1,11.9484171327291,0.051424273186079,24.8894436607523,0.110556339247672,0
11.1664816402343,25,1,11.1212894786104,0.0451921616239588,24.9432182183751,0.0567817816249132,0
10.3331218745535,25,1,10.2564803385519,0.0766415360016577,24.9595822617334,0.0404177382666084,0
9.4997621088727,25,1,9.38882585023653,0.110936258636169,24.9569683405973,0.0430316594026969,0
3.33321703100443,22,1,3.24082160392647,0.0923954270779639,21.9508341180872,0.0491658819127991,0
2.59986043720532,22,1,2.54242745884429,0.0574329783610299,21.9431025042356,0.0568974957643889,0
1.8665038434062,22,1,2.24835069793368,0.381846854527475,22.0228677264851,0.0228677264851314,0
1.13314724960709,22,0,NaN,0,NaN,0,0
0.399790655807973,22,0,NaN,0,NaN,0,0
72.4998889841406,21,1,72.3745698037918,0.125319180348797,20.8650151750608,0.134984824939195,0
71.7998667809687,21,1,71.6926844139206,0.107182367048082,20.7780605165908,0.221939483409216,0
71.0998445777968,21,1,71.0336156502006,0.0662289275962422,20.855480669342,0.144519330657968,0
70.3998223746249,21,1,70.4261229828938,0.026300608268869,20.972929686261,0.0270703137389958,0
69.6998001714531,21,1,69.6721170558257,0.0276831156273403,20.9325673260218,0.0674326739782103,0
74.8333597656808,-5,1,74.7865786805931,0.0467810850877299,-4.9784073387817,0.0215926612182971,0
75.000031718817,-5,1,74.9398101154541,0.0602216033628906,-4.97000182577934,0.0299981742206583,0
75.1667036719531,-5,1,75.3006520247095,0.133948352756406,-4.97643431034288,0.023565689657123,0
75.3333756250893,-5,1,75.4127562178007,0.0793805927114448,-4.96668215180727,0.0333178481927279,0
75.5000475782255,-5,1,75.5606380803144,0.0605905020889566,-4.9774042634838,0.0225957365162017,0
137.833201171596,25,1,137.734786102075,0.0984150695211099,24.9637572793841,0.0362427206158848,0
136.999841405915,25,1,136.860064654733,0.139776751181671,24.9726429075187,0.027357092481342,0
136.166481640234,25,1,135.992208082417,0.174273557817088,24.9682155985323,0.031784401467732,0
135.333121874554,25,1,135.124545869208,0.208576005345492,24.9472425270444,0.0527574729555944,0
134.499762108873,25,1,134.452892376029,0.0468697328437031,24.8578798208729,0.142120179127112,0
61.9999048435491,18,1,61.9349681620302,0.0649366815189154,17.9570504816205,0.0429495183795119,0
61.3998858122589,18,1,61.4059461212579,0.00606030899903232,17.9594938264747,0.0405061735253298,0
60.7998667809687,18,1,60.6746831141968,0.12518366677191,17.8979548612279,0.102045138772077,0
60.1998477496785,18,1,60.0496379441961,0.15020980548239,17.9664305447172,0.0335694552827981,0
59.5998287183883,18,1,59.5075741968642,0.0922545215241541,17.9639095103844,0.0360904896156384,0
90.5001744534934,-33,1,90.6305227536009,0.130348300107528,-32.7403968811232,0.259603118876782,0
91.600209344192,-33,1,91.6750298215482,0.074820477356198,-32.9671951304631,0.0328048695369176,0
92.7002442348907,-33,1,92.8875341106479,0.18728987575723,-32.9577824164351,0.0422175835648986,0
93.8002791255894,-33,1,93.9621527860304,0.161873660441046,-32.808485525566,0.191514474434008,0
94.900314016288,-33,1,95.0349121560603,0.134598139772223,-32.8043603224221,0.19563967757793,0
120.000031718817,-6,1,120.122574525324,0.122542806507383,-5.96900542584492,0.0309945741550841,0
120.20003806258,-6,1,120.215634557229,0.0155964946488467,-5.98169843063678,0.0183015693632225,0
120.400044406344,-6,1,120.331042214984,0.0690021913599423,-5.98537582366271,0.0146241763372856,0
120.600050750107,-6,1,120.696402222898,0.0963514727909569,-5.99982090368535,0.000179096314650629,0
120.800057093871,-6,1,120.770692098361,0.0293649955092548,-5.98762881644317,0.0123711835568283,0
41.6667512501786,-16,1,41.7209950240445,0.0542437738659487,-15.9553720259385,0.0446279740615054,0
42.2001015002143,-16,1,42.2970631411974,0.0969616409830536,-15.9775903808497,0.0224096191503165,0
42.73345175025,-16,1,42.8479230637385,0.114471313488444,-15.8770907331564,0.122909266843619,0
43.2668020002858,-16,1,43.2740871982771,0.00728519799134375,-15.9278821497923,0.0721178502076931,0
43.8001522503215,-16,1,43.8644704081435,0.0643181578220435,-15.9640052142868,0.0359947857132017,0
38.5000792970424,-15,1,38.5734528028645,0.0733735058220262,-14.991908273389,0.00809172661098145,0
39.0000951564509,-15,1,39.0282670658918,0.0281719094408288,-14.892259618645,0.107740381355029,0
39.5001110158594,-15,1,39.5884983840435,0.0883873681841365,-14.9948835932405,0.00511640675951242,0
40.0001268752679,-15,1,40.0433429110811,0.0432160358132165,-14.8481222191974,0.151877780802582,0
40.5001427346764,-15,1,40.5810307791182,0.0808880444417852,-14.9976408762321,0.00235912376789571,0
45.1664816402343,35,1,45.0330981865244,0.133383453709932,34.7891262547255,0.210873745274519,0
43.9997779682812,35,1,43.8478248971383,0.151953071142891,34.7649124276094,0.235087572390576,0
42.833074296328,35,1,42.6415270664128,0.191547229915237,34.8639128330779,0.136087166922074,0
41.6663706243749,35,1,41.503851495664,0.16251912871094,34.8843447221116,0.115655277888415,0
40.4996669524218,35,1,40.3431237425606,0.156543209861148,34.9049417819718,0.0950582180282282,0
137.499984140592,3,1,137.486265597343,0.0137185432488138,3.0146313820149,0.0146313820148976,0
137.39998096871,3,1,137.295425480545,0.104555488164436,3.01859015219994,0.0185901521999421,0
137.299977796828,3,1,137.412572053892,0.112594257063506,2.98732687718204,0.0126731228179606,0
137.199974624946,3,1,137.227884257146,0.027909632199254,2.99566790401626,0.00433209598374162,0
137.099971453065,3,1,137.032047294975,0.0679241580895109,3.00337003305812,0.00337003305811878,0
95.5000792970424,-15,1,95.5161393452113,0.0160600481688675,-14.9914328381531,0.00856716184693873,0
96.0000951564509,-15,1,96.1347763241964,0.134681167745498,-14.9383305638096,0.061669436190444,0
96.5001110158594,-15,1,96.5308974757396,0.0307864598801899,-14.9805092862758,0.019490713724247,0
97.0001268752679,-15,1,97.1823479702814,0.182221095013489,-15.0048599809304,0.00485998093044948,0
97.5001427346764,-15,1,97.5146107135078,0.0144679788313766,-14.997654354855,0.00234564514504854,0
62.6665926560937,14,1,62.7168177447956,0.0502250887019144,13.9813188135136,0.0186811864864218,0
62.1999111873125,14,1,62.0540225386412,0.145888648671303,13.9446252350533,0.0553747649467358,0
61.7332297185312,14,1,61.6515063439934,0.0817233745378587,13.9929503909425,0.00704960905747498,0
61.26654824975,14,1,61.2493637536348,0.0171844961151635,13.9919374986971,0.00806250130291986,0
60.7998667809687,14,1,60.8183155336482,0.0184487526794612,13.9122384097436,0.0877615902564397,0
139.333248749821,16,1,139.352781467005,0.0195327171832389,15.9382641431873,0.0617358568126942,0
138.799898499786,16,1,138.765354827088,0.0345436726979926,15.9721224051261,0.0278775948738978,0
138.26654824975,16,1,138.171988308264,0.0945599414861817,15.9630094503539,0.0369905496460738,0
137.733197999714,16,1,137.552046994075,0.181151005639009,15.9552598067115,0.0447401932884919,0
137.199847749679,16,1,137.215346016813,0.0154982671343475,15.9449586102611,0.0550413897388786,0
76,0,1,75.9305843477566,0.0694156522433502,-0.0053889502945509,0.0053889502945509,0
76,0,1,75.92909194211,0.070908057890037,0.00418539161002207,0.00418539161002207,0
76,0,1,75.9316720002161,0.0683279997839037,0.00175105888506365,0.00175105888506365,0
76,0,1,75.9327475712616,0.0672524287384135,-0.00308845504933709,0.00308845504933709,0
76,0,1,75.9301105462145,0.0698894537855494,-0.00523348541447129,0.00523348541447129,0
69.6665609372768,20,1,69.5953896998826,0.071171237394168,19.797700171323,0.202299828677027,0
68.9998731247321,20,1,68.9467099750816,0.0531631496505298,19.9820321690028,0.0179678309971969,0
68.3331853121875,20,1,68.1782035998482,0.154981712339293,19.9974282721287,0.00257172787134508,0
67.6664974996428,20,1,67.5991859605247,0.0673115391181227,19.8444404327547,0.155559567245312,0
66.9998096870981,20,1,66.9617986686176,0.038011018480546,19.9893445541523,0.010655445847739,0
27.1667353907701,-13,1,27.3154868883016,0.148751497531475,-12.9634191869848,0.0365808130151706,0
27.6000824689241,-13,1,27.7625129103507,0.162430441426551,-12.9714542457241,0.0285457542758607,0
28.0334295470782,-13,1,28.1980200307493,0.164590483671155,-12.9769320677527,0.023067932247276,0
28.4667766252322,-13,1,28.6275320553274,0.160755430095218,-12.9809542913907,0.0190457086092692,0
28.9001237033862,-13,1,29.0541607646997,0.154037061313453,-12.9841859814489,0.015814018551076,0
117.333375625089,-8,1,117.376613281278,0.0432376561886798,-8.01026265066017,0.0102626506601702,0
117.600050750107,-8,1,117.702484427791,0.102433677683422,-8.0053078047288,0.00530780472879933,0
117.866725875125,-8,1,117.994181079881,0.12745520475552,-8.0103032493329,0.0103032493328961,0
118.133401000143,-8,1,118.321291762022,0.187890761878649,-7.9988143524596,0.00118564754039774,0
118.400076125161,-8,1,118.293314573575,0.10676155158535,-8.00187324849607,0.00187324849606973,0
26.8334866409487,-29,1,26.9631707468661,0.129684105917413,-28.7864634036387,0.213536596361322,0
27.8001839691384,-29,1,27.8788310765679,0.078647107429429,-28.9138503610243,0.0861496389756731,0
28.7668812973282,-29,1,28.8921794356213,0.125298138293136,-28.9323560656458,0.0676439343541624,0
29.7335786255179,-29,1,29.8993796057317,0.165800980213774,-28.9378858860208,0.0621141139792449,0
30.7002759537077,-29,1,30.8510510875141,0.150775133806448,-28.8104512036656,0.189548796334385,0
63.5001427346764,-27,1,63.5493873484515,0.0492446137751443,-26.9055747605416,0.0944252394584488,0
64.4001712816117,-27,1,64.5261514787413,0.125980197129664,-26.7484318449935,0.251568155006531,0
65.3001998285469,-27,1,65.4637847502003,0.16358492165341,-26.9723886814748,0.0276113185251745,0
66.2002283754822,-27,1,66.2649102176737,0.0646818421914901,-26.9790530687178,0.0209469312821859,0
67.1002569224175,-27,1,67.2160303972291,0.115773474811618,-26.7512277098655,0.24877229013455,0
97.833137733962,37,1,97.6439490952772,0.18918863868484,36.7444929103685,0.255507089631514,0
96.5997652807544,37,1,96.4745868479939,0.12517843276045,36.9334511779832,0.0665488220167845,0
95.3663928275468,37,1,95.1512844135111,0.215108414035697,36.9416209413148,0.0583790586851762,0
94.1330203743392,37,1,94.0025974668232,0.130422907516035,36.7998204903371,0.200179509662888,0
92.8996479211316,37,1,92.7383171534829,0.161330767648693,36.9279203789004,0.0720796210995616,0
31.4999841405915,3,1,31.5659674332519,0.0659832926604018,2.95344144099892,0.0465585590010829,0
31.3999809687098,3,1,31.4362250898126,0.0362441211028219,3.00458344330552,0.00458344330551652,0
31.2999777968281,3,1,31.2493222953006,0.0506555015274905,2.99898356620742,0.00101643379258487,0
31.1999746249464,3,1,31.0996038436239,0.100370781322475,2.99432811754429,0.00567188245570582,0
31.0999714530647,3,1,31.1436312601331,0.0436598070683729,2.98820574442408,0.011794255575921,0
31.9998414059151,30,1,31.8871005515866,0.112740854328521,29.8149590702004,0.185040929799605,0
30.9998096870982,30,1,30.8879224062107,0.111887280887505,29.7894120623672,0.210587937632763,0
29.9997779682812,30,1,29.8944845434009,0.105293424880294,29.8501905066048,0.149809493395171,0
28.9997462494642,30,1,28.8810610750169,0.118685174447357,29.8118934247762,0.18810657522376,0
27.9997145306472,30,1,27.8790942961408,0.120620234506401,29.7924109766166,0.207589023383424,0
11.4998889841406,21,1,11.3647478474999,0.135141136640726,20.9823329263597,0.0176670736403004,0
10.7998667809687,21,1,10.6547462659697,0.145120514998993,20.9416343315343,0.0583656684656759,0
10.0998445777968,21,1,9.89970466051331,0.200139917283522,20.9740318598731,0.0259681401269169,0
9.39982237462495,21,1,47.3308756267049,0.124415761449503,2.87815993386958,0.12256870003144,1
8.69980017145306,21,1,8.60951215951426,0.090288011938803,20.7962322017801,0.203767798219864,0
43.3334390627232,-20,1,43.4552185332983,0.121779470575056,-19.9854844122856,0.0145155877143566,0
44.0001268752679,-20,1,44.1044222559329,0.104295380664979,-19.8228989859544,0.177101014045615,0
44.6668146878125,-20,1,44.7047472655835,0.0379325777709312,-19.961167040123,0.0388329598770021,0
45.3335025003572,-20,1,45.4373153251767,0.103812824819549,-19.9792950109344,0.0207049890655711,0
46.0001903129018,-20,1,46.2068292991118,0.206638986209981,-19.94999937548,0.0500006245200026,0
37.166830547221,-31,1,37.3102372798021,0.143406732581113,-30.9340014570233,0.0659985429767005,0
38.2001966566652,-31,1,38.3095251217418,0.109328465076523,-30.9341133400205,0.0658866599795331,0
39.2335627661094,-31,1,39.2916500883787,0.0580873222692659,-30.9391261281236,0.0608738718763711,0
40.2669288755536,-31,1,40.4642527194085,0.197323843854889,-30.8861162887753,0.11388371122468,0
41.3002949849979,-31,1,41.4773069283293,0.177011943331493,-30.9475890015049,0.0524109984951444,0
114.833201171596,25,1,114.773702381727,0.0594987898693518,24.9637523632827,0.0362476367173166,0
113.999841405915,25,1,113.911008104946,0.0888333009688296,24.9675688580241,0.0324311419759304,0
113.166481640234,25,1,113.042738066491,0.123743573743582,24.9533730130812,0.0466269869187883,0
112.333121874554,25,1,112.165109504085,0.168012370468091,24.9441425752296,0.0558574247704335,0
111.499762108873,25,1,111.325753535966,0.174008572906246,24.8400635866511,0.159936413348909,0
14,0,1,13.975901877953,0.024098122047036,6.14795330095771e-05,6.14795330095771e-05,0
14,0,1,13.9759241223926,0.0240758776074177,2.32951078248658e-05,2.32951078248658e-05,0
14,0,1,13.9759867842183,0.0240132157817001,-4.43207563063461e-05,4.43207563063461e-05,0
14,0,1,13.9759086460152,0.0240913539848382,-0.000115971961999407,0.000115971961999407,0
14,0,1,13.9758555644279,0.0241444355721327,-9.60240027657014e-05,9.60240027657014e-05,0
45.0000951564509,-18,1,45.114596412637,0.114501256186109,-17.8937213365134,0.106278663486613,0
45.6001141877411,-18,1,45.7536528980803,0.153538710339177,-17.9642734183201,0.0357265816798531,0
46.2001332190313,-18,1,46.2847521034499,0.0846188844185889,-17.9618475720675,0.0381524279325482,0
46.8001522503215,-18,1,46.859138519082,0.0589862687604992,-17.9599169405934,0.0400830594066299,0
47.4001712816117,-18,1,47.3921465889444,0.00802469266729133,-17.9584706567113,0.0415293432886799,0
125.499984140592,3,1,125.502150523091,0.00216638249992229,3.00959116044507,0.0095911604450678,0
125.39998096871,3,1,125.306313777986,0.0936671907239628,3.01868377257189,0.0186837725718902,0
125.299977796828,3,1,125.1144196033,0.185558193527683,3.02341646654216,0.0234164665421619,0
125.199974624946,3,1,125.233741649934,0.0337670249879949,2.99726143037978,0.0027385696202229,0
125.099971453065,3,1,125.054152448631,0.0458190044333122,3.00784178729995,0.00784178729994789,0
64.9999365623661,12,1,64.9329098273869,0.06702673497918,11.9779038150784,0.0220961849215708,0
64.5999238748393,12,1,64.4822058292034,0.117718045635911,11.9808281175874,0.0191718824125875,0
64.1999111873125,12,1,64.0503199517304,0.149591235582037,11.9422504803512,0.0577495196488282,0
63.7998984997857,12,1,63.8222477876909,0.022349287905179,11.939586161493,0.060413838507035,0
63.3998858122589,12,1,63.3934118985166,0.00647391374227624,11.9672390014231,0.0327609985768706,0
101.33347078154,-26,1,101.379391748455,0.0459209669150056,-25.9801287440465,0.0198712559534897,0
102.200164937848,-26,1,102.21248312408,0.0123181862317097,-25.9723926650637,0.0276073349363344,0
103.066859094156,-26,1,103.061196442384,0.00566265177245384,-25.9510504943297,0.048949505670258,0
103.933553250464,-26,1,104.047139613732,0.113586363267487,-25.740839400477,0.259160599523018,0
104.800247406772,-26,1,104.910307030913,0.110059624140902,-25.7367496644534,0.263250335546633,0
146.500111015859,-21,1,146.531535102589,0.0314240867291744,-20.8634956365857,0.136504363414286,0
147.200133219031,-21,1,147.132871502591,0.0672617164405267,-20.9796525749093,0.0203474250906623,0
147.900155422203,-21,1,147.967203105515,0.0670476833118983,-20.9147596905575,0.0852403094425007,0
148.600177625375,-21,1,148.631536908864,0.0313592834886549,-20.9897075817177,0.0102924182822619,0
149.300199828547,-21,1,149.373312170692,0.0731123421450093,-20.9938037933544,0.00619620664563314,0
129.500079297042,-15,1,129.485526405631,0.0145528914109718,-14.9671806106563,0.0328193893437181,0
130.000095156451,-15,1,130.13491177658,0.134816620128845,-14.991337984518,0.00866201548200252,0
130.500111015859,-15,1,130.462522132287,0.0375888835724538,-14.9849177689269,0.0150822310731389,0
131.000126875268,-15,1,131.109446931392,0.109320056123693,-14.9749904560102,0.0250095439898459,0
131.500142734676,-15,1,131.467268783551,0.0328739511250831,-14.9733227762282,0.0266772237718467,0
142.500142734676,-27,1,142.620646420858,0.120503686181763,-26.742312261425,0.257687738575033,0
143.400171281612,-27,1,143.555818817549,0.155647535937533,-26.9100332279023,0.0899667720977213,0
144.300199828547,-27,1,144.361196439001,0.0609966104540263,-26.9852751835858,0.0147248164142475,0
145.200228375482,-27,1,145.331256737731,0.131028362248713,-26.7888755755756,0.211124424424366,0
146.100256922417,-27,1,146.266211109036,0.16595418661845,-26.957290961118,0.0427090388819771,0
