Spoof Ranges (m),Spoof Velocities (m/s),Estimated Ranges (m),Estimated velocities (m/s),Absolute Range Spoof Error (m),Absolute Velocity Spoof Error (m)
99.9338664828324,4.06672596659845,100.964078427861,4.12312865388824,1.03021194502827,0.0564026872897854
99.7982979810587,4.06672596659845,101.306003695294,4.17729970211194,1.50770571423574,0.110573735513487
99.662729479285,4.06672596659845,101.114767403812,4.15309828983639,1.45203792452696,0.0863723232379368
99.5271609775112,4.06672596659845,100.771383825084,4.10394683599526,1.24422284757311,0.0372208693968057
99.3915924757375,4.06672596659845,100.895197967574,4.14039792978281,1.50360549183607,0.0736719631843581
85.1941572927417,-5.83011964716212,87.1463570855839,-5.92411125883116,1.95219979284222,0.0939916116690469
85.3885103404315,-5.83011964716212,86.8400948671666,-5.63498398101817,1.45158452673512,0.195135666143944
85.5828633881212,-5.83011964716212,87.7126052854499,-5.94078263793338,2.12974189732873,0.110662990771267
85.7772164358109,-5.83011964716212,87.9132652519162,-5.88706916941694,2.13604881610524,0.0569495222548184
85.9715694835007,-5.83011964716212,88.0908095629841,-5.88231026041642,2.11924007948342,0.0521906132542993
88.1295142645299,-5.50938211898493,89.6805958587339,-5.48486768731096,1.55108159420396,0.0245144316739747
88.3131751961256,-5.50938211898493,90.1747511507834,-5.47062640280294,1.86157595465785,0.0387557161819867
88.4968361277213,-5.50938211898493,90.7727583886092,-5.46507756246656,2.27592226088792,0.0443045565183677
88.6804970593169,-5.50938211898493,91.0547444140589,-5.47181803898602,2.37424735474193,0.0375640799989156
88.8641579909126,-5.50938211898493,91.209643097651,-5.50125602578244,2.34548510673835,0.00812609320249535
97.4196086454651,24.3628866101769,97.6123009656284,24.3332932920412,0.192692320163331,0.0295933181356141
96.6074467088722,24.3628866101769,96.8856892487521,24.2977145848735,0.278242539879813,0.0651720253033083
95.7952847722794,24.3628866101769,95.8689137265504,24.2883464365924,0.0736289542709727,0.0745401735844275
94.9831228356865,24.3628866101769,94.9617834571429,24.3302914434801,0.021339378543658,0.0325951666967157
94.1709608990937,24.3628866101769,94.3021111392122,24.2943990450873,0.131150240118501,0.0684875650895336
60.3662175418968,-22.5318237062226,61.8419026868098,-22.486975035248,1.47568514491298,0.0448486709746376
61.1173391092635,-22.5318237062226,62.692332941236,-22.5009694835689,1.57499383197251,0.0308542226537227
61.8684606766303,-22.5318237062226,63.6900381110363,-22.463216333275,1.821577434406,0.0686073729475893
62.619582243997,-22.5318237062226,64.5310190573565,-22.444668292978,1.91143681335942,0.0871554132446413
63.3707038113638,-22.5318237062226,65.1693151935876,-22.4967210830161,1.7986113822238,0.0351026232064591
71.5767114435645,-6.89072963778161,73.2753428015939,-6.76704012349573,1.69863135802942,0.123689514285877
71.806421018489,-6.89072963778161,73.9090505835889,-6.75701779384291,2.10262956509985,0.133711843938696
72.0361305934136,-6.89072963778161,74.0595438935048,-6.84687219201534,2.02341330009116,0.0438574457662684
72.2658401683381,-6.89072963778161,74.4659002957108,-6.76102194084321,2.20006012737269,0.129707696938397
72.4955497432627,-6.89072963778161,74.8213071736173,-6.75681173058062,2.32575743035461,0.133917907200985
84.283132588094,-11.7014782803549,85.8631074335365,-11.6344076337931,1.57997484544256,0.067070646561799
84.6732134275788,-11.7014782803549,85.9681516491718,-11.8735167899062,1.29493822159297,0.172038509551268
85.0632942670637,-11.7014782803549,87.2966818197872,-11.6373552887602,2.23338755272353,0.0641229915946955
85.4533751065485,-11.7014782803549,87.797310074544,-11.6642564170045,2.34393496799545,0.0372218633504176
85.8434559460334,-11.7014782803549,88.7575165106342,-11.620128934322,2.91406056460083,0.0813493460329262
80.5008173860637,5.34853728896596,81.2682209163462,5.31785185816138,0.767403530282451,0.0306854308045823
80.3225183826636,5.34853728896596,81.4937960243,5.29791276539644,1.17127764163646,0.0506245235695273
80.1442193792634,5.34853728896596,81.4027548790971,5.32617682032299,1.25853549983368,0.0223604686429733
79.9659203758632,5.34853728896596,81.785272649756,5.30333530812107,1.81935227389279,0.0452019808448911
79.7876213724631,5.34853728896596,81.538629829164,5.31486815195,1.75100845670089,0.0336691370159601
73.2477270616065,4.97277395777753,73.8865322931255,4.99427993561392,0.638805231519015,0.0215059778363909
73.0819545161602,4.97277395777753,74.163458189025,4.99232349216791,1.0815036728648,0.0195495343903804
72.916181970714,4.97277395777753,74.2802996447084,5.04458216310814,1.36411767399444,0.0718082053306119
72.7504094252677,4.97277395777753,74.2075304745635,5.0497807902009,1.45712104929572,0.0770068324233772
72.5846368798215,4.97277395777753,73.914768068184,4.98521610708912,1.33013118836246,0.0124421493115916
84.3702798401355,1.39031535119339,85.8155229864173,1.43332466796127,1.44524314628178,0.0430093167678767
84.3239322448703,1.39031535119339,86.0243606442174,1.40532221433365,1.70042839934702,0.015006863140254
84.2775846496052,1.39031535119339,86.5159011405835,1.43795612102059,2.23831649097831,0.0476407698271941
84.23123705434,1.39031535119339,86.5291942233418,1.43568030171669,2.29795716900186,0.0453649505232994
84.1848894590748,1.39031535119339,86.3337494537915,1.40420557030068,2.14885999471669,0.0138902191072849
53.1315088220299,-22.5595625844524,54.8513436656355,-22.5210970079421,1.7198348436056,0.0384655765103368
53.8835550934936,-22.5595625844524,55.9895273627424,-22.4855500824804,2.10597226924878,0.074012501972021
54.6356013649573,-22.5595625844524,56.7787447369557,-22.4688889485691,2.14314337199839,0.0906736358832987
55.387647636421,-22.5595625844524,57.4938986693206,-22.5114698509828,2.10625103289954,0.0480927334695807
56.1396939078847,-22.5595625844524,58.3751193911914,-22.5191419943674,2.2354254833067,0.0404205900849739
98.7611457820129,11.0751841810079,99.1852840020305,11.0467345680838,0.424138220017582,0.0284496129241152
98.3919431018669,11.0751841810079,99.1595393192566,11.0271269352436,0.767596217389695,0.0480572457643156
98.0227404217209,11.0751841810079,98.4478389567219,11.2025958918986,0.425098535000998,0.127411710890721
97.653537741575,11.0751841810079,98.7596397441854,11.0461416996796,1.10610200261043,0.0290424813282488
97.284335061429,11.0751841810079,98.5932863985379,11.0271634427744,1.30895133710889,0.0480207382334505
62.398833097803,20.5473860037515,63.089332993027,20.5892896613231,0.69049989522405,0.0419036575715381
61.7138648066582,20.5473860037515,62.7209587859483,20.6503870675799,1.00709397929013,0.103001063828373
61.0288965155134,20.5473860037515,62.0576885320223,20.6688280455653,1.02879201650892,0.121442041813719
60.3439282243685,20.5473860037515,61.2923901815481,20.6023470274658,0.948461957179553,0.0549610237142559
59.6589599332237,20.5473860037515,60.8459360802265,20.5995580720289,1.1869761470028,0.0521720682773719
66.6163587131907,6.22913584472628,67.8922662499525,6.28677756204359,1.27590753676181,0.0576417173173116
66.4087040492791,6.22913584472628,67.2213724622843,6.11238172305126,0.812668413005127,0.116754121675019
66.2010493853675,6.22913584472628,67.7700501497941,6.2894586080073,1.56900076442662,0.0603227632810235
65.9933947214559,6.22913584472628,67.5269413709616,6.27468974726871,1.53354664950567,0.0455539025424354
65.7857400575443,6.22913584472628,67.3389142678587,6.26069650092837,1.55317421031441,0.0315606562020907
60.8311717260625,10.5665945351341,61.2620880168215,10.5725009429712,0.430916290759058,0.00590640783713425
60.4789234059779,10.5665945351341,61.0352691972285,10.5835821476667,0.556345791250607,0.0169876125325725
60.1266750858933,10.5665945351341,60.9681221904947,10.5851128208037,0.841447104601414,0.018518285669602
59.7744267658087,10.5665945351341,60.6407339396877,10.5686298557815,0.866307173879029,0.00203532064743683
59.4221784457241,10.5665945351341,60.5464404068452,10.5923992398497,1.12426196112103,0.0258047047156449
59.7149423852907,2.46791860600213,60.5564933482383,2.39642487809725,0.841550962947593,0.0714937279048815
59.6326717748136,2.46791860600213,60.4857750240594,2.41666261781784,0.853103249245876,0.0512559881842871
59.5504011643364,2.46791860600213,60.2933085355415,2.45048199342603,0.742907371205064,0.0174366125761036
59.4681305538593,2.46791860600213,60.434376822186,2.4192133958862,0.966246268326699,0.0487052101159255
59.3858599433822,2.46791860600213,60.5403934370088,2.39743119487654,1.15453349362664,0.0704874111255895
68.3161037239426,-24.5769701454514,69.9289234482496,-24.6361134085985,1.61281972430703,0.0591432631471278
69.1354023558451,-24.5769701454514,71.1809631469036,-24.6693284496888,2.04556079105845,0.0923583042374574
69.9547009877477,-24.5769701454514,72.2602357655379,-24.6651939341122,2.30553477779024,0.0882237886608443
70.7739996196502,-24.5769701454514,73.0439792602007,-24.6177746176157,2.26997964055046,0.0408044721642753
71.5932982515527,-24.5769701454514,73.9331242579903,-24.6104279455522,2.33982600643756,0.0334578001007912
63.2440307155142,19.6845165506153,63.3856961761192,19.6885864722034,0.14166546060504,0.00406992158806574
62.587827066971,19.6845165506153,63.0133006592881,19.6898217052122,0.425473592317083,0.00530515459687209
61.9316234184278,19.6845165506153,62.6718990983928,19.6923219345942,0.740275679965016,0.00780538397894048
61.2754197698846,19.6845165506153,62.0857322011504,19.6954032675373,0.810312431265736,0.0108867169220623
60.6192161213415,19.6845165506153,61.4887057197366,19.6987773892207,0.869489598395141,0.0142608386054448
50.2075901762678,-14.4561584185789,51.7262010531213,-14.4064051530096,1.51861087685356,0.0497532655692474
50.6895011174787,-14.4561584185789,52.3772722163916,-14.4052049794592,1.68777109891288,0.0509534391196986
51.1714120586897,-14.4561584185789,52.8717869521398,-14.41562563674,1.7003748934501,0.0405327818388344
51.6533229999006,-14.4561584185789,53.4814842714369,-14.4324091994617,1.82816127153621,0.0237492191171267
52.1352339411116,-14.4561584185789,54.0656894795898,-14.4374073742579,1.93045553847821,0.0187510443209664
64.3462661939277,8.45774153184184,64.9969281943119,8.49543695784892,0.650662000384159,0.0376954260070761
64.0643186623559,8.45774153184184,64.9436635953066,8.52192918440555,0.879344932950687,0.0641876525637102
63.7823711307841,8.45774153184184,64.7630031115944,8.49624744079287,0.980631980810251,0.0385059089510289
63.5004235992124,8.45774153184184,64.5340684603131,8.46958054938452,1.03364486110073,0.011839017542675
63.2184760676406,8.45774153184184,64.502264980397,8.512091934222,1.28378891275644,0.0543504023801589
86.7697284769741,-7.1089624374806,87.9033707399743,-7.10288116635013,1.13364226300023,0.00608127113046919
87.0067130672147,-7.1089624374806,88.0989443396876,-7.09761861633332,1.09223127247296,0.0113438211472774
87.2436976574552,-7.1089624374806,6.60023808902151,-26.0298485037793,80.6434595684337,18.9208860662987
87.4806822476958,-7.1089624374806,88.4702620293442,-7.09568629459627,0.989579781648416,0.0132761428843278
87.7176668379364,-7.1089624374806,88.8897743441198,-7.10543238751357,1.17210750618344,0.00353004996702744
89.7868014491211,8.59731746298094,91.0464289061319,8.57509391907681,1.25962745701078,0.0222235439041292
89.5002010100203,8.59731746298094,90.542087229406,8.70215580241241,1.04188621938565,0.104838339431472
89.2136005709196,8.59731746298094,91.2229743082021,8.57193830585886,2.00937373728246,0.0253791571220834
88.9270001318189,8.59731746298094,91.1787070142391,8.55325810415462,2.25170688242019,0.0440593588263187
88.6403996927181,8.59731746298094,91.1281781159934,8.54356682046644,2.48777842327532,0.0537506425144993
80.6116045641688,15.0271469797021,81.13955681663,15.0605948986308,0.527952252461191,0.0334479189286601
80.1106591307405,15.0271469797021,81.0880579552718,15.0633421523767,0.977398824531349,0.0361951726745708
79.6097136973121,15.0271469797021,81.1489033979962,15.075735810106,1.53918970068403,0.0485888304039452
79.1087682638838,15.0271469797021,80.3859563528261,15.0509542821716,1.27718808894228,0.0238073024695424
78.6078228304555,15.0271469797021,79.4217776770951,14.9772184346002,0.813954846639604,0.0499285451019187
74.1214546139325,-10.7368553803112,75.4067744757881,-10.8102169702611,1.28531986185554,0.0733615899499043
74.4793787547832,-10.7368553803112,76.1230960456429,-10.8543212832092,1.64371729085964,0.117465902897965
74.837302895634,-10.7368553803112,76.675914086215,-10.8661761011544,1.83861119058102,0.129320720843195
75.1952270364847,-10.7368553803112,77.0569446541901,-10.8202369979158,1.86171761770544,0.0833816176045623
75.5531511773354,-10.7368553803112,77.6022228117926,-10.7857244130453,2.04907163445723,0.0488690327340411
96.1496506927699,16.7948065546425,96.9304740499756,16.7698221378475,0.780823357205691,0.0249844167950037
95.5897785054396,16.7948065546425,96.6093617981546,16.7944366336635,1.01958329271504,0.000369920979029104
95.0299063181092,16.7948065546425,95.6165852234832,16.9168641102741,0.586678905373958,0.122057555631514
94.4700341307789,16.7948065546425,96.0025687475687,16.7715647938848,1.53253461678979,0.0232417607577418
93.9101619434485,16.7948065546425,95.6507174112266,16.7954083223481,1.74055546777804,0.000601767705507683
90.1370616306515,20.7408526444528,91.0961065603047,20.7802376885303,0.959044929653132,0.0393850440774877
89.445643929628,20.7408526444528,90.6076923649702,20.7516019467284,1.16204843534227,0.0107493022755918
88.7542262286044,20.7408526444528,90.4520718147919,20.7841532771436,1.69784558618746,0.0433006326907659
88.0628085275809,20.7408526444528,89.8782157338618,20.784479696362,1.81540720628095,0.0436270519091906
87.3713908265573,20.7408526444528,89.0776111442091,20.7515096922531,1.70622031765173,0.0106570478002155
51.0531205207861,1.87059421267647,52.3502944733993,1.77811567603985,1.29717395261319,0.0924785366366259
50.9907623346378,1.87059421267647,52.3067551128397,1.75753883061219,1.31599277820185,0.113055382064284
50.9284041484895,1.87059421267647,52.1561740777116,1.778892919901,1.22776992922203,0.0917012927754715
50.8660459623413,1.87059421267647,52.0372036998229,1.81895611438045,1.17115773748166,0.0516380982960252
50.803687776193,1.87059421267647,52.1236340209697,1.81207841898827,1.31994624477676,0.0585157936882075
86.4562707079752,6.94421131086515,87.507891084536,6.94960636883385,1.05162037656073,0.00539505796870365
86.2247782663536,6.94421131086515,87.1190169699141,6.95749019132609,0.894238703560575,0.0132788804609376
85.9932858247319,6.94421131086515,87.0539179340795,6.94771828004286,1.06063210934761,0.00350696917771032
85.7617933831102,6.94421131086515,86.7428531154757,6.95861744317148,0.981059732365509,0.0144061323063349
85.5303009414885,6.94421131086515,86.0771445514211,6.97885679124656,0.546843609932665,0.0346454803814131
94.3743801576664,10.4804258881569,95.816587084061,10.4842882103416,1.4422069263946,0.00386232218467697
94.025004358245,10.4804258881569,95.7067700955256,10.491224847601,1.68176573728061,0.0107989594441573
93.6756285588236,10.4804258881569,95.1235554381169,10.5025034504751,1.44792687929328,0.022077562318195
93.3262527594022,10.4804258881569,95.5421180625829,10.4890002511928,2.21586530318073,0.00857436303588699
92.9768769599808,10.4804258881569,95.4107134820612,10.4875646288736,2.43383652208038,0.00713874071669096
51.983547445779,16.0105155089789,52.1643571465297,16.070017310849,0.180809700750629,0.0595018018701339
51.4498204088445,16.0105155089789,51.92463471169,16.1169792548764,0.474814302845495,0.106463745897468
50.9160933719099,16.0105155089789,51.5175860244361,16.0920434713851,0.601492652526169,0.0815279624061809
50.3823663349754,16.0105155089789,50.8577331307295,16.0485001959951,0.475366795754134,0.0379846870161735
49.8486392980408,16.0105155089789,50.4016625843915,16.0930205372665,0.55302328635068,0.0825050282876099
96.1266001081777,1.00253993470721,97.2928920584345,0.985331436027805,1.16629195025683,0.0172084986794032
96.093179406111,1.00253993470721,97.1399241297298,1.11855710942177,1.04674472361881,0.116017174714557
96.0597587040443,1.00253993470721,98.163114307414,0.922210389589779,2.10335560336974,0.0803295451174291
96.0263380019776,1.00253993470721,98.0305035031941,0.982489125019214,2.00416550121648,0.0200508096879941
95.9929172999109,1.00253993470721,97.5758957387272,1.11961729609317,1.5829784388163,0.11707736138596
74.4320080753416,3.40011835465193,74.9777252297139,3.38349803747798,0.545717154372255,0.0166203171739494
74.3186616254014,3.40011835465193,74.9648137301331,3.39844909706187,0.646152104731655,0.00166925759005965
74.2053151754612,3.40011835465193,74.9342340236438,3.4068342379462,0.728918848182573,0.00671588329427308
74.091968725521,3.40011835465193,74.9497229481347,3.40139739928774,0.857754222613664,0.00127904463581796
73.9786222755808,3.40011835465193,74.7622799146951,3.36758294001006,0.783657639114296,0.0325354146418628
50.001322125344,10.6060548706958,50.9195993108395,10.5217860592806,0.918277185495484,0.0842688114152033
49.6477583543007,10.6060548706958,50.5884353031483,10.5018460473698,0.940676948847617,0.104208823325958
49.2941945832574,10.6060548706958,50.1665604283764,10.5284567017644,0.872365845118999,0.0775981689313703
48.9406308122141,10.6060548706958,49.7090680089887,10.5662758667821,0.768437196774578,0.0397790039136439
48.5870670411708,10.6060548706958,49.4635910529851,10.555353547345,0.87652401181429,0.0507013233507578
61.7240680686999,17.9887666192175,62.0409310395646,18.0167371610221,0.316862970864698,0.0279705418045602
61.1243939919722,17.9887666192175,61.7883490355648,18.0644894955494,0.663955043592601,0.0757228763319127
60.5247199152444,17.9887666192175,61.3880923236112,18.0591560548652,0.863372408366786,0.0703894356476162
59.9250458385167,17.9887666192175,60.7152367025131,17.9990038955182,0.790190863996379,0.0102372763007068
59.325371761789,17.9887666192175,60.2552591744718,18.0329888787774,0.92988741268281,0.0442222595598523
60.0344487007499,3.23730419299494,60.9605252159221,3.23091354589827,0.926076515172127,0.00639064709667858
59.9265298287052,3.23730419299494,61.026603949671,3.23421543125105,1.10007412096572,0.0030887617438955
59.8186109566606,3.23730419299494,61.1864115568513,3.23790598456009,1.3678006001907,0.000601791565149057
59.7106920846159,3.23730419299494,61.3571210631052,3.24124132248466,1.64642897848935,0.00393712948971325
59.6027732125712,3.23730419299494,60.4638125228248,3.18413339506838,0.861039310253616,0.0531707979265645
66.4327969001473,-14.2387572641442,NaN,NaN,NaN,NaN
66.9074605497943,-14.2387572641442,69.3231290231061,-14.2939446399046,2.41566847331184,0.0551873757604255
67.3821241994413,-14.2387572641442,69.7024817070171,-14.2537107423469,2.32035750757582,0.0149534782026581
67.8567878490883,-14.2387572641442,69.6737127628945,-14.134816988983,1.8169249138062,0.103940275161186
68.3314514987353,-14.2387572641442,70.7766053398859,-14.2648708779521,2.44515384115056,0.0261136138079081
66.8555111402095,15.5360509167728,66.7707338362392,15.5134560065432,0.0847773039702133,0.0225949102295697
66.3376008694987,15.5360509167728,66.5563752262185,15.5070345117881,0.218774356719763,0.0290164049846666
65.819690598788,15.5360509167728,66.3103360721096,15.4883161584571,0.490645473321635,0.0477347583156114
65.3017803280773,15.5360509167728,66.0228889170262,15.4813758703063,0.721108588948894,0.0546750464664427
64.7838700573666,15.5360509167728,65.583136642843,15.4779637016086,0.799266585476445,0.0580872151641572
87.9571999969935,0.561353507726903,88.8872199330505,0.478577691278638,0.930019936056951,0.082775816448265
87.9384866992122,0.561353507726903,88.8269186661899,0.503821089270659,0.888431966977649,0.0575324184562438
87.9197734014309,0.561353507726903,88.939411407089,0.404428399628996,1.01963800565811,0.156925108097907
87.9010601036496,0.561353507726903,89.0421859450483,0.474849238789774,1.14112584139872,0.0865042689371284
87.8823468058683,0.561353507726903,88.9620954396267,0.51036899891852,1.0797486337584,0.0509845088083829
72.0936011785125,3.46191240368097,73.3406059043757,3.4640402237248,1.24700472586328,0.00212782004383305
71.9781947602552,3.46191240368097,73.2227058957264,3.47039951864775,1.24451113547121,0.00848711496678156
71.8627883419979,3.46191240368097,96.127527569692,32.2328535425859,24.264739227694,28.7709411389049
71.7473819237407,3.46191240368097,73.2746000923289,3.47149745972105,1.52721816858821,0.00958505604007964
71.6319755054834,3.46191240368097,72.6996085517754,3.49528994714684,1.06763304629197,0.0333775434658743
75.4683610141468,-9.95571080250835,76.8670005931349,-9.93548446947698,1.3986395789882,0.0202263330313723
75.800244895351,-9.95571080250835,77.6901550463916,-9.92441365745177,1.88991015104068,0.0312971450565875
76.1321287765552,-9.95571080250835,77.7737951144337,-9.93407534329573,1.64166633787855,0.0216354592126233
76.4640126577594,-9.95571080250835,78.4631308412497,-9.92435137484393,1.99911818349028,0.0313594276644267
76.7958965389636,-9.95571080250835,78.6843610886484,-9.93259431777756,1.88846454968476,0.0231164847307923
73.6862529354605,-10.2709411609001,74.6032195309246,-10.2962134986951,0.916966595464089,0.0252723377949895
74.0286453455776,-10.2709411609001,75.3946711572923,-10.3589407577304,1.36602581171466,0.0879995968302385
74.3710377556947,-10.2709411609001,76.0571243796517,-10.4079787397029,1.68608662395701,0.137037578802769
74.7134301658118,-10.2709411609001,76.4697942171711,-10.2951430358085,1.75636405135928,0.0242018749083908
75.0558225759289,-10.2709411609001,77.0617537430633,-10.3558190131014,2.00593116713438,0.0848778522012239
94.2639353158424,-14.0900037021411,95.2859095753631,-14.0553857897791,1.02197425952069,0.0346179123619628
94.733640112176,-14.0900037021411,95.8251670537505,-14.0024089687461,1.09152694157454,0.087594733394976
95.2033449085096,-14.0900037021411,96.2785832941613,-14.0080771686607,1.0752383856517,0.0819265334803934
95.6730497048432,-14.0900037021411,96.6373681497743,-14.0686214204421,0.964318444931095,0.0213822816989744
96.1427545011768,-14.0900037021411,97.3045279983908,-14.043586898711,1.16177349721404,0.0464168034301409
99.4451844747102,-1.17656406057994,100.629088949271,-1.18137619835979,1.18390447456112,0.0048121377798509
99.4844064503839,-1.17656406057994,101.042695679205,-1.17780752112427,1.55828922882073,0.00124346054432811
99.5236284260576,-1.17656406057994,101.281749178072,-1.17251641712763,1.75812075201476,0.00404764345231379
99.5628504017314,-1.17656406057994,101.339942419643,-1.16797345788565,1.77709201791167,0.00859060269429546
99.6020723774051,-1.17656406057994,101.670661709021,-1.16502942058607,2.06858933161568,0.0115346399938767
61.7177843611105,-5.25120513811472,62.3492082738259,-5.28446190051141,0.63142391271532,0.0332567623966922
61.8928386969394,-5.25120513811472,62.8357615298513,-5.3423313623189,0.942922832911883,0.0911262242041868
62.0678930327682,-5.25120513811472,63.1734449427353,-5.33848472919456,1.10555190996714,0.0872795910798452
62.242947368597,-5.25120513811472,63.3067147971062,-5.28743444854191,1.06376742850913,0.0362293104271902
62.4180017044259,-5.25120513811472,168.174029896102,8.11737800633589,105.756028191676,13.3685831444506
94.2700506112069,-24.8452527739105,96.0695908923173,-24.859889478304,1.79954028111048,0.0146367043935385
95.0982927210548,-24.8452527739105,97.4284212585758,-24.8506890126476,2.33012853752099,0.00543623873710075
95.9265348309027,-24.8452527739105,98.1841766311516,-24.8607646485314,2.2576418002489,0.0155118746208949
96.7547769407506,-24.8452527739105,98.5460228395559,-24.8900671223906,1.79124589880533,0.044814348480088
97.5830190505985,-24.8452527739105,99.9855270650027,-24.8610783632004,2.40250801440426,0.0158255892899533
91.0929557519281,-4.65311127675404,92.0728417117686,-4.66122171035774,0.97988595984053,0.00811043360370611
91.248072012418,-4.65311127675404,92.3102526341454,-4.64924102535749,1.06218062172742,0.00387025139654273
91.4031882729079,-4.65311127675404,92.3566987369081,-4.64665497967384,0.953510464000146,0.00645629708019424
91.5583045333979,-4.65311127675404,NaN,NaN,NaN,NaN
91.7134207938878,-4.65311127675404,92.8253598521873,-4.68638579992209,1.11193905829954,0.0332745231680507
88.413391488568,17.3490325003185,88.4603979826859,17.2988351432012,0.0470064941178805,0.0501973571172378
87.8350436080839,17.3490325003185,87.7770821531425,17.3119585789321,0.0579614549414202,0.0370739213863231
87.2566957275998,17.3490325003185,87.0849488462758,17.3214217245031,0.171746881323941,0.0276107758153223
86.6783478471156,17.3490325003185,86.6238044925228,17.3121134997067,0.054543354592866,0.0369190006118103
86.0999999666315,17.3490325003185,86.0735384413014,17.2956279216203,0.0264615253300633,0.0534045786981885
60.5774363853951,-11.1995889830566,61.7934333417369,-11.1551058266615,1.21599695634182,0.0444831563951151
60.9507862278445,-11.1995889830566,62.2855225044864,-11.172586882881,1.33473627664187,0.0270021001755829
61.324136070294,-11.1995889830566,62.7421511833506,-11.1996933523592,1.41801511305657,0.000104369302636798
61.6974859127434,-11.1995889830566,63.5610389529565,-11.153982718018,1.86355304021311,0.0456062650385523
62.0708357551929,-11.1995889830566,64.1197836048706,-11.1721091984378,2.04894784967775,0.0274797846187838
60.3102613477714,-2.25425732767485,61.5166808833835,-2.16081269925827,1.20641953561208,0.0934446284165742
60.3854093393094,-2.25425732767485,61.7551325453996,-2.17687511684762,1.36972320609016,0.0773822108272242
60.4605573308475,-2.25425732767485,61.7835127864899,-2.21456808160549,1.32295545564246,0.039689246069357
60.5357053223855,-2.25425732767485,61.8405641953775,-2.20840736515685,1.30485887299202,0.0458499625179924
60.6108533139235,-2.25425732767485,62.0686709619228,-2.17664856093884,1.45781764799936,0.0776087667360086
84.0810547909565,-19.9336663808456,86.446223715261,-19.9647357752699,2.36516892430453,0.0310693944243461
84.7455641058954,-19.9336663808456,87.3503132818723,-19.9904864279899,2.60474917597686,0.0568200471442779
85.4100734208343,-19.9336663808456,88.2412672162709,-20.0107441396479,2.83119379543655,0.077077758802357
86.0745827357733,-19.9336663808456,88.6571839701335,-19.9659387302517,2.58260123436023,0.0322723494061314
86.7390920507122,-19.9336663808456,89.6433110527009,-19.9911319890642,2.90421900198866,0.0574656082185676
90.1313331040569,19.6550646037151,NaN,NaN,NaN,NaN
89.4761112665205,19.6550646037151,90.5134149502289,19.6247331308248,1.03730368370837,0.0303314728903175
88.8208894289841,19.6550646037151,89.8454418640985,19.6110513833639,1.02455243511443,0.0440132203512
88.1656675914477,19.6550646037151,88.9399608585442,19.6515427232362,0.774293267096482,0.00352188047897073
87.5104457539113,19.6550646037151,88.5569183416837,19.6240209512784,1.04647258777234,0.0310436524367503
55.671996490544,-5.16619480367283,56.9139787328862,-5.27469298946198,1.24198224234216,0.108498185789145
55.8442169192519,-5.16619480367283,182.016303488516,23.5850080580352,126.172086569264,28.751202861708
56.0164373479598,-5.16619480367283,57.4500694436449,-5.23496801032802,1.43363209568512,0.0687732066551865
56.1886577766677,-5.16619480367283,57.6898223388111,-5.21557316795607,1.50116456214332,0.0493783642832391
56.3608782053756,-5.16619480367283,57.9857697628257,-5.23821383829368,1.62489155745006,0.0720190346208485
51.0091318316888,10.4435217650206,51.5869440615182,10.4522541483136,0.577812229829362,0.00873238329296022
50.6609862692502,10.4435217650206,51.3309025453374,10.4550022490547,0.669916276087172,0.0114804840340579
50.3128407068116,10.4435217650206,51.2642726754434,10.4502466609919,0.951431968631859,0.00672489597134174
49.9646951443729,10.4435217650206,50.7250314908913,10.4567879277144,0.760336346518386,0.0132661626938173
49.6165495819343,10.4435217650206,50.5521150713955,10.4495565466799,0.935565489461247,0.00603478165925786
55.5663716598051,24.0602183373679,55.7264905415434,24.0644407761167,0.16011888173832,0.00422243874879769
54.7642994820541,24.0602183373679,NaN,NaN,NaN,NaN
53.9622273043032,24.0602183373679,54.0801969438241,24.0584531668142,0.117969639520936,0.00176517055374603
53.1601551265523,24.0602183373679,53.3380349470561,24.0650380521616,0.177879820503861,0.00481971479369747
52.3580829488013,24.0602183373679,52.4323652726544,24.0558868728113,0.0742823238530477,0.00433146455657507
89.4784349116532,17.6147770303287,89.59756115969,17.5200529096467,0.119126248036736,0.0947241206820131
88.8912281633516,17.6147770303287,88.8408330014857,17.5142206757057,0.0503951618659357,0.100556354622956
88.30402141505,17.6147770303287,88.1754536153985,17.5776895229864,0.128567799651492,0.0370875073422532
87.7168146667484,17.6147770303287,87.5088205260414,17.5792440003526,0.207994140706916,0.0355330299760759
87.1296079184467,17.6147770303287,86.9413643440324,17.5536299058204,0.188243574414344,0.061147124508306
60.8556617323483,-2.0192346368455,61.6601681554385,-2.04960207608927,0.80450642309021,0.0303674392437783
60.9229750002437,-2.0192346368455,61.9722109667911,-2.04645303375424,1.04923596654744,0.0272183969087463
60.9902882681391,-2.0192346368455,62.0251122159497,-2.04375542423724,1.03482394781058,0.0245207873917437
61.0576015360345,-2.0192346368455,62.0947819527612,-2.04136648964998,1.0371804167267,0.0221318528044803
61.1249148039299,-2.0192346368455,62.2260357597826,-2.041362034418,1.10112095585271,0.0221273975725076
59.8385902855727,-18.2754844419185,61.5565764550084,-18.2695426874648,1.71798616943567,0.00594175445365508
60.4478223964475,-18.2754844419185,62.2436250066469,-18.2695975872815,1.79580261019938,0.00588685463700855
61.0570545073223,-18.2754844419185,62.7573683217307,-18.271765374286,1.70031381440835,0.00371906763243501
61.6662866181971,-18.2754844419185,63.5948549319755,-18.2681770370946,1.92856831377838,0.00730740482389791
62.2755187290719,-18.2754844419185,64.1247846859409,-18.2731388261792,1.84926595686901,0.00234561573929071
50.855732445319,-2.93327610667481,51.7836096811105,-3.065451600993,0.927877235791463,0.132175494318191
50.9535162277368,-2.93327610667481,52.0634674178922,-3.03425337616437,1.10995119015533,0.100977269489561
51.0513000101546,-2.93327610667481,52.2876378510714,-2.95021088493906,1.23633784091683,0.0169347782642486
51.1490837925724,-2.93327610667481,52.4109047005189,-2.99415687306398,1.26182090794649,0.0608807663891739
51.2468675749902,-2.93327610667481,52.5837401880392,-3.05923311107564,1.33687261304907,0.125957004400826
73.1671165066304,-24.2800456453258,74.9969383940797,-24.2904282634579,1.82982188744936,0.010382618132077
73.9765168542737,-24.2800456453258,76.3020719177472,-24.3048422028236,2.32555506347354,0.024796557497794
74.7859172019169,-24.2800456453258,77.1123834077417,-24.2802765010686,2.3264662058248,0.000230855742767488
75.5953175495602,-24.2800456453258,77.4473568584359,-24.2090903145239,1.85203930887575,0.0709553308018549
76.4047178972035,-24.2800456453258,78.9453849362716,-24.2873193324199,2.54066703906814,0.00727368709415188
60.403856033252,-18.0844404813208,61.9192403321552,-17.9840778797434,1.51538429890318,0.100362601577405
61.0067194967865,-18.0844404813208,62.6023820401618,-18.0224615179133,1.59566254337529,0.0619789634075083
61.6095829603209,-18.0844404813208,63.2873839573001,-18.0527869077683,1.67780099697921,0.0316535735524539
62.2124464238553,-18.0844404813208,64.1348879415213,-18.0283168730104,1.92244151766594,0.0561236083103687
62.8153098873898,-18.0844404813208,65.0028012281219,-17.9965829679612,2.18749134073218,0.087857513359527
62.7795418828203,0.893377877558738,63.63742892736,0.866460484035612,0.857887044539702,0.0269173935231259
62.7497602104447,0.893377877558738,63.8586854912769,0.81747296890118,1.1089252808322,0.0759049086575577
62.7199785380692,0.893377877558738,63.9281952271902,0.790679552189298,1.20821668912104,0.10269832536944
62.6901968656936,0.893377877558738,63.8848771763226,0.810422864481911,1.19468031062895,0.0829550130768264
62.660415193318,0.893377877558738,63.732491574239,0.858162129240634,1.072076380921,0.0352157483181041
90.4015499402854,-19.9924459110605,91.9684777352829,-20.0004469431854,1.5669277949975,0.00800103212488423
91.0680187314496,-19.9924459110605,93.1561315621931,-19.9917165877294,2.08811283074351,0.000729323331121634
91.7344875226138,-19.9924459110605,93.5786985684909,-20.0011468131459,1.84421104587712,0.00870090208536567
92.400956313778,-19.9924459110605,94.5619706654997,-19.9915074166171,2.16101435172165,0.000938494443484927
93.0674251049422,-19.9924459110605,95.1304863518246,-20.0004455297424,2.06306124688238,0.00799961868183985
82.8847148318572,23.337592210426,83.3978954881476,23.3052344088225,0.513180656290473,0.0323578016035171
82.1067321408768,23.337592210426,82.8176550245785,23.319085930579,0.710922883701613,0.0185062798470312
81.3287494498965,23.337592210426,81.6303156457294,23.3610709582251,0.301566195832848,0.0234787477990963
80.5507667589162,23.337592210426,81.5605283736851,23.318685680124,1.00976161476888,0.0189065303019902
79.7727840679359,23.337592210426,80.2460242810811,23.3566050897931,0.473240213145274,0.0190128793670397
87.7046572225315,-3.45138313705582,89.555582153588,-3.40550374126752,1.85092493105648,0.0458793957883015
87.819712636833,-3.45138313705582,89.6268455290437,-3.44886202138254,1.80713289221065,0.00252111567327828
87.9347680511346,-3.45138313705582,90.1021121668607,-3.42991259897865,2.16734411572608,0.0214705380771756
88.0498234654361,-3.45138313705582,90.7109655227763,-3.41009377518191,2.66114205734023,0.0412893618739139
88.1648788797376,-3.45138313705582,90.7620074491083,-3.45117002736237,2.59712856937067,0.00021310969345345
82.9980451760704,23.1815343887632,82.7860464576289,23.173958784716,0.211998718441549,0.00757560404721858
82.225264833428,23.1815343887632,82.2345643366294,23.1417315986886,0.00929950320144712,0.0398027900746634
81.4524844907855,23.1815343887632,81.4122189412117,23.1231854351497,0.0402655495737605,0.0583489536135602
80.6797041481431,23.1815343887632,80.5417567560606,23.1386793276401,0.13794739208241,0.0428550611230847
79.9069238055006,23.1815343887632,79.7007834825372,23.1657558918135,0.206140322963392,0.0157784969497001
64.2478167041412,16.0841215485828,64.9029586093171,16.1013239408776,0.655141905175938,0.0172023922948163
63.7116359340088,16.0841215485828,64.4768524143774,16.1013121493928,0.765216480368522,0.0171906008100144
63.1754551638765,16.0841215485828,64.0100799059417,16.1014512281032,0.834624742065166,0.0173296795203832
62.6392743937441,16.0841215485828,63.7193342518838,16.1013248237675,1.0800598581397,0.0172032751846487
62.1030936236118,16.0841215485828,63.3167121184348,16.1014087901338,1.213618494823,0.017287241550946
71.4228062039654,22.47415864213,220.006052444357,-30.5691839176438,148.583246240392,53.0433425597738
70.673606960947,22.47415864213,71.6789481561288,22.4714075687499,1.00534119518187,0.00275107338010017
69.9244077179286,22.47415864213,71.1168527539903,22.4607755196023,1.1924450360617,0.0133831225276673
69.1752084749102,22.47415864213,70.5418834992012,22.4425333766351,1.36667502429106,0.0316252654948883
68.4260092318918,22.47415864213,69.0028317623544,22.5537805926133,0.57682253046265,0.079621950483336
98.0237953562814,-14.2670484633694,99.6809441399419,-14.2929151439979,1.65714878366046,0.025866680628484
98.499402122215,-14.2670484633694,100.6346284218,-14.3086618521853,2.13522629958501,0.0416133888158203
98.9750088881487,-14.2670484633694,101.590446756931,-14.3320675735471,2.61543786878244,0.0650191101777011
99.4506156540823,-14.2670484633694,101.296940076096,-14.1425215348016,1.84632442201368,0.124526928567866
99.926222420016,-14.2670484633694,101.894070836004,-14.1386274793967,1.96784841598804,0.12842098397277
77.7630011870424,6.30884888060332,78.7890040158146,6.34445691789452,1.02600282877212,0.0356080372912055
77.5526892069176,6.30884888060332,79.0046147979582,6.35130480486537,1.45192559104059,0.0424559242620495
77.3423772267928,6.30884888060332,78.3931449428422,6.25627292922228,1.05076771604941,0.0525759513810371
77.132065246668,6.30884888060332,78.9864445204629,6.34282302564075,1.85437927379492,0.0339741450374369
76.9217532665432,6.30884888060332,78.7071708649042,6.32628782815342,1.78541759836094,0.0174389475501044
78.908904520598,8.1434925801814,79.6758896952825,8.16336192071989,0.766985174684564,0.0198693405384862
78.6374328017341,8.1434925801814,79.6640851297622,8.16451521021362,1.02665232802806,0.0210226300322223
78.3659610828703,8.1434925801814,79.8317973170124,8.23160273817162,1.4658362341421,0.0881101579902133
78.0944893640064,8.1434925801814,79.8478334875009,8.24529930283548,1.75334412349451,0.101806722654077
77.8230176451426,8.1434925801814,79.7024829192077,8.20956589632268,1.87946527406511,0.0660733161412779
57.5885533073937,-18.1761642628518,58.8625189474473,-18.1941766972737,1.27396564005362,0.0180124344218768
58.1944744777275,-18.1761642628518,59.6320925564529,-18.1941888115566,1.43761807872536,0.0180245487047763
58.8003956480613,-18.1761642628518,60.2459613178689,-18.1946094951093,1.44556566980761,0.01844523225747
59.4063168183951,-18.1761642628518,60.87891337154,-18.1945997638887,1.47259655314496,0.018435501036894
60.0122379887288,-18.1761642628518,61.5653121852502,-18.1944441918815,1.55307419652138,0.0182799290296565
83.7648779663625,12.9675098217589,84.416042937817,13.005217892135,0.651164971454421,0.0377080703761319
83.3325926605143,12.9675098217589,83.7882936041849,12.8497690267696,0.455700943670593,0.117740794989317
82.900307354666,12.9675098217589,84.4282494989387,13.0266207477609,1.52794214427271,0.0591109260019707
82.4680220488178,12.9675098217589,83.8930707601174,12.9921702991289,1.42504871129962,0.024660477369947
82.0357367429695,12.9675098217589,83.7248655521349,13.0215974592312,1.68912880916538,0.0540876374723371
52.9698418421063,16.2584357631998,53.0420656647437,16.2258874979536,0.0722238226373975,0.032548265246227
52.4278501279596,16.2584357631998,52.6797089088912,16.2088390556213,0.251858780931649,0.0495967075785693
51.8858584138129,16.2584357631998,52.0448947819402,16.2343102107546,0.159036368127254,0.0241255524452306
51.3438666996662,16.2584357631998,51.6502271429461,16.2128660269875,0.306360443279878,0.0455697362123253
50.8018749855195,16.2584357631998,51.0247270128842,16.2222467462581,0.222852027364652,0.0361890169417336
77.3326920991342,-19.3102419418877,78.8200735681472,-19.3412503704467,1.48738146901307,0.0310084285589589
77.9764189178211,-19.3102419418877,80.0826663669645,-19.4039912679932,2.10624744914338,0.0937493261054314
78.6201457365081,-19.3102419418877,80.8039251556183,-19.3894137527502,2.18377941911025,0.0791718108624444
79.263872555195,-19.3102419418877,81.4422076122015,-19.3419732061162,2.17833505700649,0.0317312642284477
79.907599373882,-19.3102419418877,82.5198743382814,-19.4063640226622,2.61227496439939,0.0961220807744709
84.0677752951271,-17.3054506408386,85.8175143508681,-17.266138696668,1.74973905574099,0.0393119441706169
84.6446703294046,-17.3054506408386,86.7820848703967,-17.2455960947979,2.13741454099205,0.05985454604075
85.221565363682,-17.3054506408386,87.8666171931386,-17.2040473638902,2.64505182945655,0.101403276948439
85.7984603979595,-17.3054506408386,88.5206255153083,-17.2328075388032,2.72216511734875,0.0726431020354035
86.3753554322369,-17.3054506408386,89.1635235367014,-17.2682457428931,2.78816810446442,0.0372048979455641
67.3414827589989,-4.84179995456288,68.9885377836811,-4.89819181329799,1.64705502468219,0.0563918587351147
67.5028891510497,-4.84179995456288,69.3833157873269,-4.91297580851612,1.88042663627715,0.0711758539532408
67.6642955431006,-4.84179995456288,69.6770274169149,-4.94985689166325,2.01273187381426,0.108056937100371
67.8257019351515,-4.84179995456288,69.6080378808354,-4.89765675037905,1.7823359456839,0.0558567958161653
67.9871083272023,-4.84179995456288,70.0144866280042,-4.91297392147578,2.02737830080186,0.0711739669128972
65.0710489419481,-19.11680208762,66.5283149010473,-19.0229740564472,1.45726595909917,0.0938280311728299
65.7083272437097,-19.11680208762,67.5591620909971,-19.0224389800707,1.85083484728744,0.0943631075493521
66.3456055454713,-19.11680208762,68.1351247981289,-19.0638608812312,1.7895192526576,0.052941206388823
66.9828838472329,-19.11680208762,68.8162202480871,-19.0678608287653,1.83333640085428,0.0489412588547111
67.6201621489945,-19.11680208762,69.6553088191695,-19.0137424083386,2.035146670175,0.103059679281365
66.6573246382046,-10.9877566755245,68.0989749397918,-10.9388620075564,1.44165030158727,0.0488946679681259
67.0236128323415,-10.9877566755245,68.7200843252974,-10.8974929207108,1.69647149295591,0.0902637548136784
67.3899010264785,-10.9877566755245,194.491671141499,-7.36286940911956,127.10177011502,3.62488726640493
67.7561892206154,-10.9877566755245,69.7248137100979,-10.9455039534639,1.96862448948247,0.0422527220606153
68.1224774147524,-10.9877566755245,70.4169533899607,-10.9319780588604,2.29447597520834,0.0557786166641119
64.0376834584854,20.9728136789261,64.3998290769551,20.9792398968773,0.362145618469754,0.00642621795114451
63.3385330972896,20.9728136789261,63.8706616922365,20.9843078722651,0.532128594946876,0.0114941933389794
62.6393827360938,20.9728136789261,63.5235233317487,20.977823776436,0.884140595654991,0.00501009750983172
61.9402323748979,20.9728136789261,62.6458498719824,20.9860206558776,0.705617497084432,0.0132069769515084
61.2410820137021,20.9728136789261,62.166376860367,20.9769067930253,0.925294846664848,0.004093114099188
86.9053521533972,13.3807255855211,88.1508813468214,13.4197301066665,1.24552919342426,0.0390045211453849
86.459291874152,13.3807255855211,87.8740021892696,13.3862325596364,1.41471031511763,0.00550697411527068
86.0132315949068,13.3807255855211,87.7432659541967,13.4151420350759,1.7300343592899,0.0344164495547261
85.5671713156616,13.3807255855211,87.5530720871614,13.420904346427,1.9859007714998,0.0401787609058406
85.1211110364164,13.3807255855211,86.9924295111292,13.3862661591484,1.87131847471284,0.00554057362724691
67.4150333728894,-2.1394429331685,69.1987673693515,-2.14217180282684,1.78373399646213,0.00272886965834385
67.4863539082444,-2.1394429331685,69.3035488544285,-2.13456347943135,1.81719494618403,0.00487945373714682
67.5576744435995,-2.1394429331685,68.8126792695289,-2.10950759082852,1.25500482592943,0.0299353423399777
67.6289949789545,-2.1394429331685,69.4792565233901,-2.13387964961783,1.85026154443557,0.00556328355066205
67.7003155143096,-2.1394429331685,69.0835661645776,-2.10705165545364,1.38325065026804,0.0323912777148609
60.6087311000289,13.1016283426859,61.1474645358175,12.9940399676255,0.538733435788615,0.10758837506042
60.1719748150462,13.1016283426859,60.858819380558,13.0006764322975,0.686844565511841,0.100951910388449
59.7352185300635,13.1016283426859,60.3128320794959,13.0443914772387,0.577613549432478,0.0572368654472335
59.2984622450808,13.1016283426859,59.9186997569919,13.0552224657484,0.620237511911093,0.0464058769375164
58.8617059600981,13.1016283426859,59.6250822728854,13.0211253730571,0.763376312787287,0.0805029696288813
50.9816485615469,-9.82744254498859,52.0367371407012,-9.83919359543865,1.05508857915436,0.0117510504500604
51.3092564881773,-9.82744254498859,52.6044230972013,-9.86144559234957,1.29516660902399,0.0340030473609811
51.6368644148078,-9.82744254498859,181.570227385395,-17.56157628321,129.933362970588,7.73413373822146
51.9644723414382,-9.82744254498859,53.0451547753398,-9.85064044276807,1.08068243390153,0.0231978977794807
52.2920802680687,-9.82744254498859,53.4143252491051,-9.85962913384322,1.12224498103635,0.0321865888546267
85.1438959316911,23.9747304868435,85.5809855443792,24.0291544034951,0.437089612688112,0.0544239166515368
84.3446735795519,23.9747304868435,84.8363460087501,23.990455996923,0.491672429198204,0.0157255100794913
83.5454512274127,23.9747304868435,84.2377937991999,23.9774600506802,0.692342571787236,0.00272956383668443
82.7462288752735,23.9747304868435,83.7760210366884,24.0248945230208,1.02979216141489,0.0501640361773283
81.9470065231342,23.9747304868435,83.0685986305327,23.9896111676776,1.12159210739846,0.0148806808340964
88.2088420380849,19.6178504167729,88.7745573455458,19.7158790143816,0.565715307460948,0.0980285976087458
87.5548607738278,19.6178504167729,88.3235618436058,19.7130206727886,0.768701069778004,0.0951702560157521
86.9008795095707,19.6178504167729,87.8310600236226,19.6625835100896,0.930180514051884,0.0447330933167187
86.2468982453137,19.6178504167729,87.3362658935572,19.7139034727947,1.08936764824357,0.0960530560218729
85.5929169810566,19.6178504167729,86.7829963829059,19.7145110484274,1.19007940184932,0.0966606316545189
84.5642958408309,1.30833392574732,86.2111221517509,1.36680807780852,1.64682631092008,0.0584741520611975
84.5206811808832,1.30833392574732,85.5279779534744,1.17819314046039,1.00729677259115,0.130140785286926
84.4770665209356,1.30833392574732,86.3938072062814,1.37186730596499,1.9167406853458,0.0635333802176685
84.433451860988,1.30833392574732,86.2756394207406,1.3549086760505,1.84218755975257,0.0465747503031768
84.3898372010404,1.30833392574732,86.412308496049,1.33986048023113,2.02247129500857,0.0315265544838059
95.3631112852513,-6.63384326666519,96.5404631673584,-6.64497014108786,1.17735188210702,0.011126874422664
95.5842572882155,-6.63384326666519,97.7139340494325,-6.6444291021054,2.12967676121707,0.0105858354402093
95.8054032911796,-6.63384326666519,97.316507619181,-6.64480642489487,1.51110432800144,0.0109631582296812
96.0265492941437,-6.63384326666519,97.6880482654599,-6.64536353269129,1.66149897131623,0.011520266026098
96.2476952971078,-6.63384326666519,98.099724957967,-6.64430551304517,1.85202966085922,0.0104622463799764
95.7025700428087,-23.7989515089417,97.6257489782525,-23.8264607995853,1.92317893544373,0.0275092906436889
96.4959326215398,-23.7989515089417,98.8488354034248,-23.8410326656117,2.35290278188499,0.0420811566700294
97.2892952002708,-23.7989515089417,100.027813430321,-23.86098408413,2.73851823005054,0.0620325751883861
98.0826577790018,-23.7989515089417,100.159904345876,-23.6678310627625,2.07724656687428,0.131120446179121
98.8760203577329,-23.7989515089417,101.118165061831,-23.6857192188515,2.24214470409807,0.113232290090171
70.4756066983779,-8.94159296793429,72.1373779807343,-8.85874007855345,1.66177128235644,0.0828528893808382
70.7736839162897,-8.94159296793429,72.4861733903138,-8.88064796087393,1.71248947402411,0.0609450070603579
71.0717611342015,-8.94159296793429,72.7377098136179,-8.90881914623642,1.66594867941635,0.0327738216978677
71.3698383521133,-8.94159296793429,73.5776486537092,-8.85597765188168,2.20781030159586,0.0856153160526123
71.6679155700251,-8.94159296793429,73.9538302236934,-8.88058644535817,2.28591465366827,0.0610065225761147
91.598169815527,6.57413194043045,92.2679751280292,6.50293524452099,0.669805312502177,0.0711966959094665
91.3790143511689,6.57413194043045,92.0054718964579,6.5535790438347,0.626457545288957,0.0205528965957589
91.1598588868108,6.57413194043045,92.0788966738892,6.42007782484608,0.919037787078409,0.154054115584377
90.9407034224527,6.57413194043045,91.7407752541668,6.4993730861699,0.800071831714135,0.0747588542605522
90.7215479580946,6.57413194043045,91.489214679195,6.5458325026171,0.767666721100383,0.0282994378133585
69.4658311745434,18.6281318163658,69.8868697530037,18.6924219339373,0.421038578460312,0.0642901175715096
68.8448431999588,18.6281318163658,69.5248262496243,18.7266042905108,0.679983049665438,0.0984724741449519
68.2238552253743,18.6281318163658,68.9381600166302,18.6600276164603,0.714304791255927,0.031895800094432
67.6028672507897,18.6281318163658,68.6574665978964,18.6922399834899,1.05459934710663,0.0641081671240862
66.9818792762052,18.6281318163658,68.1528966211327,18.7231917302045,1.17101734492752,0.0950599138387105
64.3300867913168,-19.5004104648943,65.9882227542093,-19.5995785237603,1.65813596289249,0.0991680588660344
64.9801530737297,-19.5004104648943,66.7512764247191,-19.5588229277624,1.77112335098941,0.0584124628681444
65.6302193561425,-19.5004104648943,67.7568820604395,-19.6470882481484,2.12666270429693,0.146677783254059
66.2802856385554,-19.5004104648943,68.3605477536306,-19.604080572241,2.08026211507519,0.103670107346662
66.9303519209683,-19.5004104648943,68.9621468507179,-19.5539453005807,2.03179492974957,0.0535348356864027
83.0073327785732,8.80648366562994,83.6279861490328,8.74565250300966,0.620653370459578,0.0608311626202784
82.7137595685143,8.80648366562994,83.2441493277203,8.78376715160353,0.530389759206017,0.0227165140264063
82.4201863584554,8.80648366562994,83.1339840921973,8.75965494231384,0.713797733741941,0.0468287233161
82.1266131483964,8.80648366562994,83.1108182383087,8.73041496219736,0.984205089912223,0.0760687034325773
81.8330399383375,8.80648366562994,82.5904220372713,8.76400842560881,0.757382098933789,0.0424752400211279
51.4286664503485,16.3001576142377,51.7635255636352,16.3878822512724,0.33485911328669,0.08772463703475
50.8852838952937,16.3001576142377,51.3015955731654,16.3265556051306,0.416311677871725,0.0263979908929102
50.3419013402389,16.3001576142377,50.9568228211638,16.3521977794475,0.614921480924913,0.0520401652098457
49.7985187851841,16.3001576142377,50.7346001669559,16.426175796886,0.936081381771814,0.126018182648277
49.2551362301293,16.3001576142377,50.4121072499983,16.4368932904195,1.15697101986899,0.136735676181811
68.3394358139555,11.9996501396967,69.4747137713777,11.9142917879873,1.13527795742216,0.0853583517093917
67.9394151082062,11.9996501396967,69.2146740832741,11.9481822815983,1.27525897506787,0.0514678580983823
67.539394402457,11.9996501396967,68.7308943530864,11.9675057326661,1.19149995062945,0.0321444070306125
67.1393736967077,11.9996501396967,68.5801516892398,11.9186768760956,1.44077799253218,0.0809732636010452
66.7393529909584,11.9996501396967,68.3613308365562,11.9135556641643,1.62197784559785,0.0860944755323576
51.2024547409626,-3.36046848292282,52.4342408453191,-3.45375000940551,1.23178610435645,0.0932815264826901
51.3144794215606,-3.36046848292282,52.443584878771,-3.3976632650222,1.12910545721042,0.0371947820993777
51.4265041021586,-3.36046848292282,52.8602528788735,-3.43312839477227,1.43374877671486,0.0726599118494495
51.5385287827566,-3.36046848292282,53.2053919488517,-3.47086666053445,1.66686316609509,0.110398177611626
51.6505534633546,-3.36046848292282,53.2610064306114,-3.43241714230629,1.61045296725685,0.0719486593834646
72.2432731584269,-16.0508277010802,73.7583045622584,-16.0495895520953,1.51503140383144,0.00123814898489982
72.778344043836,-16.0508277010802,74.6761718180783,-16.0440321915907,1.89782777424233,0.00679550948945717
73.313414929245,-16.0508277010802,75.6620169553758,-16.0254338218995,2.34860202613082,0.0253938791807009
73.8484858146541,-16.0508277010802,76.1641809362501,-16.0597844876712,2.31569512159609,0.00895678659105315
74.3835567000631,-16.0508277010802,77.1789252463182,-16.0206257784852,2.79536854625512,0.0302019225950154
84.578011621962,-4.6141854630011,86.1189192666998,-4.5971918598716,1.54090764473786,0.0169936031294915
84.7318302503286,-4.6141854630011,86.2406339047952,-4.62888471260445,1.50880365446653,0.0146992496033533
84.8856488786953,-4.6141854630011,87.0751071069501,-4.58427918946754,2.18945822825481,0.0299062735335527
85.0394675070619,-4.6141854630011,87.242131605583,-4.59292344220116,2.20266409852104,0.0212620207999352
85.1932861354286,-4.6141854630011,86.8074163109858,-4.68095783855744,1.61413017555722,0.066772375556341
88.9010290040088,-17.5599175208548,90.1978260698641,-17.6226116065609,1.29679706585524,0.0626940857060454
89.4864069540171,-17.5599175208548,90.8117268548898,-17.5882565851575,1.3253199008727,0.0283390643026848
90.0717849040253,-17.5599175208548,91.4684319984772,-17.6758806349704,1.39664709445195,0.115963114115562
90.6571628540335,-17.5599175208548,NaN,NaN,NaN,NaN
91.2425408040417,-17.5599175208548,92.5411897762626,-17.590290150754,1.29864897222089,0.0303726298992046
78.901067922209,-1.39527451958453,NaN,NaN,NaN,NaN
78.9475808364641,-1.39527451958453,80.9051190425365,-1.4230674265105,1.95753820607244,0.0277929069259648
78.9940937507191,-1.39527451958453,81.0631938898141,-1.42045674169653,2.06910013909503,0.0251822221119997
79.0406066649742,-1.39527451958453,81.3388194824813,-1.45952019925393,2.29821281750716,0.0642456796693984
79.0871195792292,-1.39527451958453,81.5532232659851,-1.46206626750135,2.46610368675594,0.0667917479168201
